Workbook

Sheet Trường hợp kiểm thử
E6: TEST CASE SYSTEM SPRINT 2
E8: Tên dự án | F8: XÂY DỰNG HỆ THÔNG QUẢN LÝ NHÀ XE TÍCH HỢP THANH TOÁN TRỰC TRUYẾN
E9: STT | F9: Chức năng | G9: Sheet Name | H9: Số Testcase
E10: 1 | F10: Tìm kiếm | G10: =HYPERLINK("#'Tìm kiếm'!A1","Tìm kiếm") -> Tìm kiếm | H10: ='Tìm kiếm'!B4 -> 37
E11: 2 | F11: Hiển thị KQ tìm kiếm | G11: =HYPERLINK("#'Hiển thị KQ tìm kiếm'!A1","Hiển thị KQ tìm kiếm") -> Hiển thị KQ tìm kiếm | H11: ='Hiển thị KQ tìm kiếm'!B4 -> 50
E12: 3 | F12: Chi tiết chuyến xe và đặt vé | G12: =HYPERLINK("#'Chi tiết chuyến xe và đặt vé'!A1","Chi tiết chuyến xe và đặt vé") -> Chi tiết chuyến xe và đặt vé | H12: ='Chi tiết chuyến xe và đặt vé'!B4 -> 94
E13: 4 | F13: Chuyến xe của tôi | G13: =HYPERLINK("#'Chuyến xe của tôi'!A1","Chuyến xe của tôi") -> Chuyến xe của tôi | H13: ='Chuyến xe của tôi'!B4 -> 40
E14: 5 | F14: Quản lý xe | G14: =HYPERLINK("#'Quản lý xe'!A1","Quản lý xe") -> Quản lý xe | H14: ='Quản lý xe'!B4 -> 70
E15: 6 | F15: Quản lý chuyến đi | G15: =HYPERLINK("#'Quản lý chuyến đi","Quản lý chuyến đi") -> Quản lý chuyến đi | H15: ='Quản lý chuyến đi'!B4 -> 121
E16: Tổng số testcase của sprint 2 | H16: =H10+H11+H12+H13+H14+H15 -> 412

Sheet Tìm kiếm
A1: Project Name | B1: XÂY DỰNG HỆ THÔNG QUẢN LÝ NHÀ XE TÍCH HỢP THANH TOÁN TRỰC TRUYẾN
A2: Module Code | B2: Tìm kiếm
B3: Tổng số testcase | C3: Hoàn Thành | D3: Lỗi | E3: Bị chặn | F3: Tổng lần kiểm tra
A4: Round 1 | B4: =COUNTIF(A:A,"TC*") -> 37 | C4: =COUNTIF(G:G,"pass") -> 33 | D4: =COUNTIF(G:G,"failed") -> 4 | E4: =COUNTIF(G:G,"Block") -> 0
G22: Round 1
A23: Test Case ID | B23: Sumary | C23: Pre-condition | D23: Test Data | E23: Steps | F23: Expected Result | G23: Result | H23: Test Date | I23: Tester
A24: GUI
A25: TC01 | B25: Xác nhận Upperbar hiển thị menu các chức năng | C25: Người dùng truy cập vào Website của nhà xe | D25: N/ A | E25: Quan sát Upperbar bên phải | F25: Hiển thị Trang chủ, Tuyến phổ biến, Liên hệ, avatar Login, role "Trang chủ" | G25: pass | H25: 17/09/2025 | I25: Ly
A26: TC02 | B26: Xác nhận hiển thị đúng Avatar khi khách hàng chưa login | C26: Người dùng truy cập vào Website của nhà xe | D26: N/ A | E26: quan sát Avatar ở bên góc phải của thanh ngang trên | F26: Hiển thị avatar mặc định (icon người dùng + placeholder "LOGIN) tại góc phải trên | G26: pass | H26: 17/09/2025 | I26: Ly
A27: TC03 | B27: Xác nhận hiển thị đúng Avatar khi khách hàng đã login | C27: Người dùng truy cập vào Website của nhà xe | D27: N/ A | E27: quan sát Avatar ở bên góc phải của thanh ngang trên | F27: Hiển thị đúng avatar cá nhân | G27: pass | H27: 17/09/2025 | I27: Ly
A28: TC04 | B28: Xác nhận Box tìm kiếm + Banner hiển thị đúng | C28: Người dùng truy cập vào Website của nhà xe | D28: N/ A | E28: Quan sát box Tìm kiếm + Banner ở đầu trang | F28: Banner nằm dưới box Tìm kiếm, Box tìm kiếm hiển thi đầy đủ các trường (Địa điểm đớn, Địa điểm trả khách, Nút chuyển đổi vị trí, chọn xe đưa đón chung/ riêng, Ngày khởi hành, khứ hồi, ngày về, số hành khách, Button Tìm kiếm) | G28: pass | H28: 17/09/2025 | I28: Ly
A29: TC05 | B29: Xác nhận Tuyến phổ biến hiển thị danh sách tuyến đường | C29: Danh sách tuyến đường có dữ liệu trong hệ thống | D29: N/ A | E29: Quan sát danh sách tuyến đường ở khu vực tuyến phổ biên | F29: Hiển thị danh sách các tuyến đường đi qua, số km, số giờ, giá tiền | G29: pass | H29: 17/09/2025 | I29: Ly
A30: TC06 | B30: Xác nhận Footer hiển thị đầy đủ thông tin | C30: Người dùng truy cập vào Website của nhà xe | D30: N/ A | E30: Quan sát nội dung ở cuối trang | F30: Footer hiển thị đầy đủ thông tin của nhà xe bao gồm (Slogan của nhà xe, số hotline, email, thời gian hỗ trợ tư vấn, một số thông tin về nhà xe...) | G30: pass | H30: 17/09/2025 | I30: Ly
A31: FUNCTION
A32: TC07 | B32: Xác nhận tìm kiếm thành công khi người dùng nhập đầy đủ thông tin | C32: Người dùng truy cập trang chủ | D32: Địa điểm đón: TP Đà Nẵng, Địa điểm trả: Tp Hồ Chí Minh, Xe đưa đón: Tick chọn 1 trong2 check box Ngày khởi hành: 18/9/2025 Số hành khách: 1 | E32: 1, Nhập đầy đủ thông tin 2. Click vào checkbox xe đưa đón 3. Nhấp "Tìm kiếm" | F32: Tìm kiếm thành công và chuyển sang trang hiển thị kết quả tìm kiếm | G32: pass | H32: 17/09/2025 | I32: Ly
A33: TC08 | B33: Xác nhận tìm kiếm thành công khi người dùng không chọn xe đưa đón | C33: Người dùng truy cập trang chủ | D33: Địa điểm đón: TP Đà Nẵng, Địa điểm trả: Tp Hồ Chí Minh, Xe đưa đón: Ngày khởi hành: 18/9/2025 Số hành khách: 1 | E33: 1. Nhập đúng các trường có trong box 2. Không tick chọn xe đưa đón 3. Bấm "Tìm kiếm" | F33: Tìm kiếm thành công và chuyển sang trang hiển thị kết quả tìm kiếm | G33: pass | H33: 17/09/2025 | I33: Ly
A34: TC09 | B34: Xác nhận tìm kiếm thành công khi người dùng không chọn số hành khách vẫn cho phép tìm kiếm | C34: Người dùng truy cập trang chủ | D34: Địa điểm đón: TP Đà Nẵng, Địa điểm trả: Tp Hồ Chí Minh, Xe đưa đón: chung Ngày khởi hành: 18/9/2025 Số hành khách: | E34: 1. Nhập đúng các trường có trong box 2. Không chọn số hành khách 3. Bấm "Tìm kiếm" | F34: Tìm kiếm thành công và chuyển sang trang hiển thị kết quả tìm kiếm | G34: pass | H34: 17/09/2025 | I34: Ly
A35: TC10 | B35: Kiểm tra click menu Trang chủ | C35: Người dùng đang truy cập trang chủ | D35: N/ A | E35: 1. Nhấp vào "Trang chủ" | F35: Hệ thống load lại trang chủ | G35: pass | H35: 17/09/2025 | I35: Ly
A36: TC11 | B36: Kiểm tra click menu Tuyến phổ biến | C36: Người dùng đang truy cập trang chủ | D36: N/ A | E36: 1. Nhấp vào "Tuyến phổ biến" | F36: Hệ thống chuyển xuống tuyến phổ biến | G36: pass | H36: 17/09/2025 | I36: Ly
A37: TC12 | B37: Kiểm tra click menu Liên hệ | C37: Người dùng đang truy cập trang chủ | D37: N/ A | E37: 1. Nhấp vào "Liên hệ" | F37: Hệ thống chuyển sang trang liên hệ | G37: pass | H37: 17/09/2025 | I37: Ly
A38: TC13 | B38: Kiểm tra click menu Login | C38: Người dùng đang truy cập trang chủ | D38: N/ A | E38: 1. Nhấp vào "Login" | F38: Người dùng bấm vào để Login, khi đã login avatar chuyển qua trang thái đã đăng nhập | G38: pass | H38: 17/09/2025 | I38: Ly
A39: TC14 | B39: Kiểm tra trạng thái nút "Login" khi người dùng chưa đăng nhập | C39: Người dùng chưa đang nhập | D39: N/ A | E39: 1. Nhấp vào "Login" | F39: Nút hiển thị đúng chữ "Login", khi nhấp vào hệ thống chuyển sang trang đăng nhập | G39: pass | H39: 17/09/2025 | I39: Ly
A40: TC15 | B40: Kiểm tra trạng thái nút "Login" khi người dùng đã đăng nhập | C40: Người dùng đã đăng nhập | D40: N/ A | E40: 1. Nhấp vào avatar | F40: Khi nhấp vào avatar, hiển thị link các trang (thông tin tài khoản, chuyến xe của tôi, đánh giá của tôi) và Đăng xuất | G40: pass | H40: 17/09/2025 | I40: Ly
A41: TC16 | B41: Xác nhận hiển thị đúng khi nhấp vào "Thông tin tài khoản" | C41: Người dùng đã đăng nhập | D41: N/ A | E41: 1. Nhấp vào avatar 2. Nhấp "Thông tin tài khoản" | F41: Hệ thống chuyển sang trang thông tin tài khoản | G41: pass | H41: 17/09/2025 | I41: Ly
A42: TC17 | B42: Xác nhận hiển thị đúng khi nhấp vào "Chuyến xe của tôi" | C42: Người dùng đã đăng nhập | D42: N/ A | E42: 1. Nhấp vào avatar 2. Nhấp "Chuyến xe của tôi | F42: Hệ thống chuyển sang trang chuyến xe của tôi | G42: pass | H42: 17/09/2025 | I42: Ly
A43: TC18 | B43: Xác nhận hiển thị đúng khi nhấp vào "Đánh giá của tôi" | C43: Người dùng đã đăng nhập | D43: N/ A | E43: 1. Nhấp vào avatar 2. Nhấp "Đánh giá của tôi" | F43: Hệ thống chuyển sang trang đánh giá của tôi | G43: pass | H43: 17/09/2025 | I43: Ly
... A62: TC37 | B62: Xác nhận hiển thị đúng khi nhấp vào danh sách các tuyến | C62: Người dùng đã đăng nhập vào hệ thống | D62: Chọn tuyến đường mà người dùng muốn đi | E62: 1. Bấm vào tuyến đường mong muốn | F62: Chuyển đến trang hiển thị kết quả tìm kiếm | G62: pass | H62: 17/09/2025 | I62: Ly

Sheet Hiển thị KQ tìm kiếm
A1: Project Name | B1: XÂY DỰNG HỆ THÔNG QUẢN LÝ NHÀ XE TÍCH HỢP THANH TOÁN TRỰC TRUYẾN
A2: Module Code | B2: Hiển thị KQ tìm kiếm
B3: Tổng số testcase | C3: Hoàn Thành | D3: Lỗi | E3: Bị chặn | F3: Tổng lần kiểm tra
A4: Round 1 | B4: =COUNTIF(A:A,"TK*") -> 50 | C4: =COUNTIF(G:G,"pass") -> 46 | D4: =COUNTIF(G:G,"failed") -> 4 | E4: =COUNTIF(G:G,"Block") -> 0
C19: ,
G22: Round 1
A23: Test Case ID | B23: Sumary | C23: Pre-condition | D23: Test Data | E23: Steps | F23: Expected Result | G23: Result | H23: Test Date | I23: Tester
A24: GUI
A25: HIỂN THỊ KẾT QUẢ TÌM KIẾM
A26: TK01 | B26: Kiểm tra hiển thị đầy đủ các trường trong box tìm kiếm | C26: Truy cập trang Hiển thị kết quả tìm kiếm | D26: N/ A | E26: 1. Truy cập trang Hiển thị kết quả tìm kiếm 2.Quan sát khu vực tìm kiếm | F26: Hiển thị đầy đủ: Điểm đón, điểm trả, ngày khởi hành, ngày về, nút tìm kiếm | G26: pass | H26: 17/09/2025 | I26: Thi
A27: TK02 | B27: Kiểm tra sidebar sắp xếp hiển thị đầy đủ các trường | C27: Truy cập trang Hiển thị kết quả tìm kiếm | D27: N/ A | E27: 1. Truy cập trang Hiển thị kết quả tìm kiếm 2.Quan sát sidebar sắp xếp | F27: Các tiêu chí sắp xếp hiển thị: Giờ sớm nhất, muộn nhất, giá, đánh giá | G27: pass | H27: 17/09/2025 | I27: Thi
A28: TK03 | B28: Kiểm tra sidebar bộ lọc hiển thị đầy đủ các trường | C28: Truy cập trang Hiển thị kết quả tìm kiếm | D28: N/ A | E28: 1. Truy cập trang Hiển thị kết quả tìm kiếm 2.Quan sát sidebar bộ lọc | F28: Các bộ lọc: Giờ đi, giá vé, điểm đón, trả, nhà xe, vị trí, loại xe hiển thị đầy đủ | G28: pass | H28: 17/09/2025 | I28: Thi
A29: TK04 | B29: Kiểm tra radio button “Sắp xếp” | C29: Truy cập trang Hiển thị kết quả tìm kiếm | D29: N/ A | E29: Click từng radio button | F29: Chỉ 1 radio được chọn, các nút khác bỏ chọn | G29: pass | H29: 17/09/2025 | I29: Thi
A30: TK05 | B30: Kiểm tra hiển thị bộ lọc | C30: Truy cập trang Hiển thị kết quả tìm kiếm | D30: N/ A | E30: Mở bộ lọc | F30: Hiển thị đủ: Giá vé, điểm đón, điểm trả, nhà xe, vị trí ngồi, loại xe | G30: pass | H30: 17/09/2025 | I30: Thi
A31: TK06 | B31: Kiểm tra mở dropdown | C31: Có bộ lọc | D31: N/ A | E31: Click mở dropdown | F31: Danh sách tùy chọn hiển thị đúng | G31: pass | H31: 17/09/2025 | I31: Thi
A32: TK07 | B32: Kiểm tra đóng dropdown | C32: Dropdown đang mở | D32: N/ A | E32: Click lại dropdown | F32: Dropdown đóng lại | G32: pass | H32: 17/09/2025 | I32: Thi
A33: TK08 | B33: Kiểm tra nút xóa bộ lọc | C33: Đã chọn lọc | D33: N/ A | E33: Click nút xóa bộ lọc | F33: Các bộ lọc bị xóa, hiển thị màu xanh | G33: pass | H33: 17/09/2025 | I33: Thi
A34: TK09 | B34: Hiển thị thông tin chuyến xe | C34: Có kết quả tìm kiếm | D34: N/ A | E34: Quan sát từng chuyến xe | F34: Hiển thị: Hình ảnh, giá, giờ đi/đến, điểm đón/trả, link chi tiết, nút chọn, số chỗ | G34: pass | H34: 17/09/2025 | I34: Thi
A35: TK10 | B35: Link “Thông tin chi tiết” hoạt động | C35: Có kết quả | D35: N/ A | E35: Click link chi tiết | F35: Mở trang thông tin chi tiết chuyến xe | G35: pass | H35: 17/09/2025 | I35: Thi
A36: TK11 | B36: Nút “Chọn chuyến” hoạt động | C36: Có kết quả | D36: N/ A | E36: Click “Chọn chuyến” | F36: Chuyển đến trang thanh toán | G36: pass | H36: 17/09/2025 | I36: Thi
A37: FUNCTION
A38: TK12 | B38: Xác nhận hệ thống đồng bộ chính xác thông tin người dùng nhập hoặc chọn giữa các bước trong quy trình đặt vé | C38: Người dùng đã tìm kiếm ở trang chủ | D38: Điểm đón: Hà Nội, Điểm trả: Hải Phòng, Ngày khởi hành: 25/09/2025 | E38: 1. Tại trang chủ, nhập thông tin vào box tìm kiếm 2. Nhấn “Tìm kiếm” 3. Quan sát box tìm kiếm ở trang kết quả | F38: Thông tin người dùng nhập hoặc chọn ở các bước trước được lưu giữ và hiển thị chính xác khi quay lại hoặc chuyển tiếp | G38: pass | H38: 17/09/2025 | I38: Thi
A39: TK13 | B39: Xác nhận tìm kiếm chuyến xe từ trang chủ sang trang kết quả tìm kiếm | C39: Người dùng truy cập trang hiển chị kết quả tìm kiếm | D39: Điểm đón: Hà Nội, Điểm trả: Hải Phòng, Ngày khởi hành: 25/09/2025 | E39: 1. Nhập thông tin tìm kiếm đầy đủ; 2. Click “Tìm kiếm” | F39: Hiển thị kết quả chuyến xe đúng với điểm đón – điểm trả – ngày đã nhập | G39: pass | H39: 17/09/2025 | I39: Thi
A40: TK14 | B40: Xác nhận tìm kiếm thành công khi nhập đầy đủ thông tin | C40: Người dùng truy cập trang hiển chị kết quả tìm kiếm | D40: Điểm đón: Đà Nẵng, Điểm trả: TP.HCM, Ngày khởi hành: 18/09/2025 | E40: 1. Nhập đầy đủ thông tin; 2. Click “Tìm kiếm” | F40: Hiển thị danh sách chuyến đi | G40: pass | H40: 17/09/2025 | I40: Thi
A41: TK15 | B41: Xác nhận tìm kiếm khi thông tin hợp lệ | C41: Người dùng truy cập trang hiển chị kết quả tìm kiếm | D41: Điểm đón: Hà Nội, Điểm trả: Hải Phòng, Ngày khởi hành: 25/09/2025 | E41: 1. Click nút “Chọn chuyến” ở một chuyến xe bất kỳ | F41: Chuyển sang trang chi tiết chuyến đi | G41: pass | H41: 17/09/2025 | I41: Thi
A42: TK16 | B42: Xác nhận hiển thị đúng kết quả tìm kiếm khi chuyển trang | C42: Người dùng đã tìm kiếm ở trang chủ | D42: Điểm đón: Hà Nội, Điểm trả: Hải Phòng, Ngày khởi hành: 25/09/2025 | E42: 1. Tại trang chủ, nhập thông tin vào box tìm kiếm 2. Nhấn “Tìm kiếm” 3. Quan sát box tìm kiếm ở trang kết quả | F42: Tất cả dữ liệu tìm kiếm từ trang chủ được truyền và hiển thị chính xác trên trang kết quả tìm kiếm | G42: pass | H42: 17/09/2025 | I42: Thi
A43: TK17 | B43: Xác nhận hiển thị đúng khi người dùng tìm kiếm chuyến xe mới | C43: Người dùng truy cập trang hiển chị kết quả tìm kiếm | D43: Điểm đón: Quảng nam, Điểm trả: Gia Lai, Ngày khởi hành: 25/09/2025 | E43: 1. Nhập điểm đón, điểm trả, ngày khởi hành 2. Nhấp "Tìm kiếm" | F43: Hệ thống hiển thị danh sách chuyến đúng theo dữ liệu mới nhập, box tìm kiếm hiển thị thông tin mới | G43: pass | H43: 17/09/2025 | I43: Thi
A44: TK18 | B44: Xác nhận hiển thị đúng khi người dùng tìm kiếm chuyến xe trùng với lần tìm kiếm trước | C44: Người dùng truy cập trang hiển chị kết quả tìm kiếm | D44: Điểm đón: Hà Nội, Điểm trả: Hải Phòng, Ngày khởi hành: 25/09/2025 | E44: 1. Nhập điểm đón, điểm trả, ngày khởi hành đã tìm kiếm trước đó 2. Nhấp "Tìm kiếm" | F44: Kết quả hiển thị không đổi, nhưng hệ thống vẫn reload kết quả để đảm bảo tính đồng bộ | G44: pass | H44: 17/09/2025 | I44: Thi
A45: TK19 | B45: Hiển thị lỗi khi bỏ trống trường địa điểm đón | C45: Người dùng truy cập trang hiển chị kết quả tìm kiếm | D45: Điểm đón: Điểm trả: Hải Phòng, Ngày khởi hành: 25/09/2025 | E45: 1. Bỏ trống điểm đón; 2. Nhập các thông tin còn lại; 3. Click “Tìm kiếm” | F45: Hiển thị thông báo: “Vui lòng nhập địa điểm đón” | G45: pass | H45: 17/09/2025 | I45: Thi
A46: TK20 | B46: Hiển thị lỗi khi địa điểm đón không có trong tuyến đường | C46: Người dùng truy cập trang hiển chị kết quả tìm kiếm | D46: Điểm đón: Campuchia, Điểm trả: Hải Phòng, Ngày khởi hành: 25/09/2025 | E46: 1. Nhập địa điểm đón không nằm trong hệ thống tuyến; 2. Click “Tìm kiếm” | F46: Thông báo: “Địa điểm tìm kiếm không có trong tuyến đường” | G46: pass | H46: 17/09/2025 | I46: Thi
A47: TK21 | B47: Hiển thị lỗi khi bỏ trống trường địa điểm trả | C47: Người dùng truy cập trang hiển chị kết quả tìm kiếm | D47: Điểm đón: Hà Nội, Điểm trả: Ngày khởi hành: 25/09/2025 | E47: 1. Nhập điểm đón; 2. Bỏ trống điểm trả; 3. Click “Tìm kiếm” | F47: Thông báo: “Vui lòng nhập địa điểm trả” | G47: pass | H47: 17/09/2025 | I47: Thi
A48: TK22 | B48: Hiển thị lỗi khi địa điểm trả không có trong tuyến đường | C48: Người dùng truy cập trang hiển chị kết quả tìm kiếm | D48: Điểm đón: Hà Nội, Điểm trả: Thái Lan, Ngày khởi hành: 25/09/2025 | E48: 1. Nhập địa điểm trả không hợp lệ; 2. Click “Tìm kiếm” | F48: Thông báo: “Địa điểm tìm kiếm không có trong tuyến đường” | G48: failed | H48: 17/09/2025 | I48: Thi
A49: TK23 | B49: Kiểm tra khi click nút chuyển đổi giữa điểm đón và trả | C49: Người dùng truy cập trang hiển chị kết quả tìm kiếm | D49: Địa điểm đón: Hà Nội, Địa điểm trả: Hải Phòng Ngày khởi hành: 25/09/2025 | E49: 1. Nhập thông tin; 2. Click icon đổi chỗ giữa điểm đón và điểm trả | F49: Hai trường hoán đổi dữ liệu cho nhau | G49: pass | H49: 17/09/2025 | I49: Thi
... A76: TK50 | B76: Xác nhận hiển thị thông tin click vào dropdown "Xóa toàn bộ bộ lọc" | C76: Đã có lọc trước đó | D76: N/ A | E76: 1. Click “Xóa lọc” hoặc “Xóa tất cả”; 2. Quan sát kết quả | F76: Danh sách chuyến xe quay về trạng thái mặc định (không lọc) | G76: pass | H76: 17/09/2025 | I76: Thi

Sheet Chi tiết chuyến xe và đặt vé
A1: Project Name | B1: XÂY DỰNG HỆ THÔNG QUẢN LÝ NHÀ XE TÍCH HỢP THANH TOÁN TRỰC TRUYẾN
A2: Module Code | B2: Chi tiết chuyến xe và đặt vé
B3: Tổng số testcase | C3: Hoàn Thành | D3: Lỗi | E3: Bị chặn | F3: Tổng lần kiểm tra
A4: Round 1 | B4: =COUNTIF(A:A,"CD*") -> 94 | C4: =COUNTIF(G:G,"pass") -> 91 | D4: =COUNTIF(G:G,"failed") -> 3 | E4: =COUNTIF(G:G,"Block") -> 0
G22: Round 1
A23: Test Case ID | B23: Sumary | C23: Pre-condition | D23: Test Data | E23: Steps | F23: Expected Result | G23: Result | H23: Test Date | I23: Tester
A24: GUI
A25: CHI TIẾT CHUYẾN ĐI
A26: CD01 | B26: Xác nhận hiển thị đúng breadcrumb | C26: Người dùng truy cập trang Chi tiết Chuyến đi | D26: N/ A | E26: Quan sát breadcrumb | F26: Hiển thị đúng "Quay lại > Chi tiết Chuyến Đi", font chữ rõ ràng, không lỗi ký tự | G26: pass | H26: 17/09/2025 | I26: Thi
A27: CD02 | B27: Xác nhận box tìm kiếm hiển thị đủ trường | C27: Người dùng truy cập trang chủ | D27: N/ A | E27: Quan sát box tìm kiếm | F27: Hiển thị đủ các trường (Điểm đi, Điểm đến, Ngày khởi hành, Thêm ngày về) | G27: pass | H27: 17/09/2025 | I27: Thi
A28: CD03 | B28: Xác nhận button "Tìm kiếm" hiển thị đúng | C28: Người dùng truy cập trang chủ | D28: N/ A | E28: Quan sát button Tìm kiếm | F28: Hiển thị màu xanh, đúng kích thước | G28: pass | H28: 17/09/2025 | I28: Thi
A29: CD04 | B29: Xác nhận thông tin chuyến xe hiển thị đúng | C29: Người dùng tìm kiếm chuyến xe | D29: N/ A | E29: Quan sát kết quả hiển thị | F29: Hiển thị tên xe, loại xe, số ghế, giá vé, số ghế trống | G29: pass | H29: 17/09/2025 | I29: Thi
A30: CD05 | B30: Xác nhận ảnh xe hiển thị đầy đủ | C30: Người dùng tìm kiếm chuyến xe | D30: N/ A | E30: Quan sát ảnh xe | F30: Hình ảnh hiển thị đầy đủ, rõ nét, có thumbnail đã chọn | G30: pass | H30: 17/09/2025 | I30: Thi
A31: CD06 | B31: Xác nhận button "Chọn chuyến" hiển thị đúng | C31: Người dùng tìm kiếm chuyến xe | D31: N/ A | E31: Quan sát nút "Chọn chuyến" | F31: Hiển thị màu vàng, chữ rõ, có hiệu ứng khi di chuột vào | G31: pass | H31: 17/09/2025 | I31: Thi
A32: CD07 | B32: Xác nhận tab Đón/Trả hiển thị đúng | C32: Người dùng mở popup chọn chuyến | D32: N/ A | E32: Quan sát tab | F32: Hiển thị lưu chọn, danh sách điểm đón/điểm trả đầy đủ | G32: pass | H32: 17/09/2025 | I32: Thi
A33: CD08 | B33: Xác nhận tab Tiện ích hiển thị đúng | C33: Người dùng vào trang chi tiết chuyến | D33: N/ A | E33: Quan sát tab | F33: Hiển thị đầy đủ thông tin tiện ích: Wifi, nước, điều hòa, rèm cửa, TV LED… | G33: pass | H33: 17/09/2025 | I33: Thi
A34: CD09 | B34: Xác nhận tab Đánh giá hiển thị đúng | C34: Người dùng vào trang chi tiết chuyến | D34: N/ A | E34: Quan sát tab | F34: Hiển thị phần đánh giá của khách hàng | G34: pass | H34: 17/09/2025 | I34: Thi
A35: CD10 | B35: Xác nhận bộ lọc đánh giá hiển thị đúng | C35: Người dùng vào tab đánh giá | D35: N/ A | E35: Chọn filter theo sao | F35: Hiển thị đúng số lượng đánh giá theo filter | G35: pass | H35: 17/09/2025 | I35: Thi
A36: CD11 | B36: Xác nhận hiển thị đúng star rating | C36: Người dùng vào tab đánh giá | D36: N/ A | E36: Quan sát hiển thị sao | F36: Hiển thị 5 sao, có thể lọc các mục (An toàn, thái độ, đúng giờ, chất lượng…) | G36: pass | H36: 17/09/2025 | I36: Thi
A37: POPUP CHỌN CHUYẾN
A38: CD12 | B38: Xác nhận hiển thị popup chọn ghế | C38: Người dùng click "Chọn chuyến" | D38: N/ A | E38: Quan sát popup hiển thị | F38: Popup hiển thị với danh sách ghế, chú thích giá vé | G38: pass | H38: 17/09/2025 | I38: Thi
A39: CD13 | B39: Xác nhận hiển thị đúng chú thích ghế | C39: Người dùng mở popup chọn ghế | D39: N/ A | E39: Quan sát chú thích | F39: Hiển thị 4 trạng thái: Ghế đã hết (xám), Đang chọn (xanh lá), Giường đôi (tím), Giường đơn (vàng) | G39: pass | H39: 17/09/2025 | I39: Thi
A40: CD14 | B40: Xác nhận hiển thị đúng sơ đồ tầng | C40: Người dùng mở popup chọn ghế | D40: N/ A | E40: Quan sát sơ đồ | F40: Ghế hiển thị đủ 2 tầng: Tầng dưới, Tầng trên | G40: pass | H40: 17/09/2025 | I40: Thi
A41: CD15 | B41: Xác nhận button Tiếp tục hiển thị đúng | C41: Người dùng chọn ghế hợp lệ | D41: N/ A | E41: Nhấn "Tiếp tục" | F41: Hiển thị màu xanh, chuyển sang trang thanh toán | G41: pass | H41: 17/09/2025 | I41: Thi
A42: CD16 | B42: Xác nhận link Quay lại hiển thị đúng | C42: Người dùng mở popup chọn ghế | D42: N/ A | E42: Nhấn "Quay lại" | F42: Hiển thị màu xám, quay lại trang chi tiết chuyến đi | G42: pass | H42: 17/09/2025 | I42: Thi
A43: CD17 | B43: Xác nhận hiển thị đúng khi click vào (X) | C43: Người dùng mở popup chọn ghế | D43: N/ A | E43: Nhấn "X" trên góc popup | F43: Thoát popup | G43: pass | H43: 17/09/2025 | I43: Thi
A44: POPUP CHI TIẾT ĐÓN TRẢ
A45: CD18 | B45: Xác nhận hiển thị danh sách điểm đón và điểm trả | C45: Người dùng mở popup chọn điểm đón/trả | D45: N/ A | E45: Quan sát danh sách | F45: Danh sách hiển thị rõ ràng, có radio chọn, sắp xếp mặc định theo giờ sớm nhất | G45: pass | H45: 17/09/2025 | I45: Thi
A46: CD19 | B46: Xác nhận Dropdown sắp xếp hiển thị đúng | C46: Người dùng mở popup chọn điểm đón/trả | D46: N/ A | E46: Thay đổi lựa chọn trong dropdown | F46: Danh sách cập nhật đúng theo lựa chọn (Muộn nhất hoặc Sớm nhất) | G46: pass | H46: 17/09/2025 | I46: Thi
A47: CD20 | B47: Xác nhận ô tìm kiếm điểm đón/trả hiển thị đúng | C47: Người dùng mở popup chọn điểm đón/trả | D47: N/ A | E47: Nhập text vào ô "Tìm trong danh sách" | F47: Hiển thị đúng kết quả theo từ khóa | G47: pass | H47: 17/09/2025 | I47: Thi
A48: CD21 | B48: Xác nhận hiển thị đúng tổng cộng giá vé | C48: Người dùng mở popup chọn điểm đón/trả | D48: N/ A | E48: Quan sát thông tin tổng cộng | F48: Hiển thị đúng tổng cộng giá vé | G48: failed | H48: 17/09/2025 | I48: Thi
A49: CD22 | B49: Xác nhận link Quay lại hiển thị đúng | C49: Người dùng mở popup chọn điểm đón/trả | D49: N/ A | E49: Nhấn "Quay lại" | F49: Quay lại popup chọn ghế | G49: pass | H49: 17/09/2025 | I49: Thi
A50: CD23 | B50: Xác nhận button Tiếp tục hiển thị đúng | C50: Người dùng đã chọn điểm đón/trả | D50: N/ A | E50: Nhấn "Tiếp tục" | F50: Hiển thị màu xanh, chuyển đến trang thanh toán | G50: pass | H50: 17/09/2025 | I50: Thi
A51: CD24 | B51: Xác nhận hiển thị đúng khi click vào (X) | C51: Người dùng mở popup chọn điểm đón/trả | D51: N/ A | E51: Nhấn "X" | F51: Thoát popup | G51: failed | H51: 17/09/2025 | I51: Thi
A52: FUNCTION
A53: CHI TIẾT CHUYẾN ĐI
A54: CD25 | B54: Xác nhận hệ thống đồng bộ chính xác thông tin người dùng nhập hoặc chọn giữa các bước trong quy trình đặt vé | C54: Người dùng đã tìm kiếm ở trang chủ | D54: Điểm đón: Hà Nội, Điểm trả: Hải Phòng, Ngày khởi hành: 25/09/2025 | E54: 1. Nội dung tìm kiếm từ trang Hiển thị kết quả tìm kiếm 2. Quan sát box tìm kiếm ở trang chi tiết chuyến đi | F54: Thông tin người dùng nhập hoặc chọn ở các bước trước được lưu giữ và hiển thị chính xác khi quay lại hoặc chuyển tiếp | G54: pass | H54: 17/09/2025 | I54: Thi
A55: CD26 | B55: Xác nhận hiển thị đúng tìm kiếm chuyến xe từ trang hiển thị kết quả sang trang chi tiết chuyến đi | C55: Người dùng đã nhập đầy đủ điểm đón, điểm trả, ngày khởi hành hợp lệ | D55: Điểm đón: Hà Nội, Điểm trả: Đà Nẵng, Ngày khởi hành: 22/09/2025 | E55: 1. Nhập thông tin tìm kiếm. 2. Nhấn nút Tìm kiếm. 3. Chọn 1 chuyến xe từ danh sách kết quả. | F55: Hệ thống hiển thị thông tin chi tiết chuyến xe theo đúng điểm đón – điểm trả – ngày khởi hành đã nhập. | G55: failed | H55: 17/09/2025 | I55: Thi
A56: CD27 | B56: Xác nhận tìm kiếm thành công khi người dùng nhập đầy đủ thông tin | C56: Người dùng đã mở box tìm kiếm trên trang chủ | D56: Điểm đón: Hà Nội, Điểm trả: Đà Nẵng, Ngày khởi hành: 22/09/2025 | E56: 1. Nhập điểm đón, điểm trả, ngày khởi hành. 2. Nhấn Tìm kiếm. | F56: Hệ thống hiển thị danh sách chuyến đi hợp lệ khớp với dữ liệu. | G56: pass | H56: 17/09/2025 | I56: Thi
A57: CD28 | B57: Xác nhận hiển thị đúng khi người dùng tìm kiếm chuyến xe hợp lệ | C57: Người dùng đã có kết quả tìm kiếm hiển thị | D57: Điểm đón: Hà Nội, Điểm trả: Đà Nẵng, Ngày khởi hành: 22/09/2025 | E57: 1. Nhấn nút Chọn chuyến trên kết quả tìm kiếm. | F57: Hệ thống chuyển sang trang chi tiết chuyến đi và hiển thị đầy đủ dữ liệu. | G57: pass | H57: 17/09/2025 | I57: Thi
A58: CD29 | B58: Xác nhận hiển thị đúng thông tin chuyến xe | C58: Người dùng đang ở trang chi tiết chuyến đi | D58: Điểm đón: Hà Nội, Điểm trả: Đà Nẵng, Ngày khởi hành: 22/09/2025 | E58: 1. Quan sát giao diện trang chi tiết chuyến đi. | F58: Hiển thị đầy đủ thông tin: Hình ảnh xe, tên xe, giá vé, giờ đi, giờ đến, số chỗ còn trống, nút chọn chuyến. | G58: pass | H58: 17/09/2025 | I58: Thi
A59: CD30 | B59: Xác nhận hiển thị đúng khi nhấp “Chọn chuyến” đã login | C59: Người dùng đã đăng nhập | D59: N/ A | E59: 1. Truy cập danh sách chuyến 2. Nhấn nút Chọn chuyến | F59: Hiển thị PopUp chọn chuyến để chọn ghế ngồi | G59: pass | H59: 17/09/2025 | I59: Thi
A60: CD31 | B60: Xác nhận điều hướng đúng khi click link "Quay lại" | C60: Người dùng đã tìm kiếm chuyến xe và đang ở trang chi tiết chuyến đi | D60: N/ A | E60: 1. Thực hiện tìm kiếm hợp lệ để hiển thị danh sách chuyến đi. 2. Chọn 1 chuyến để vào trang chi tiết chuyến đi. 3. Click nút Quay lại. | F60: Hệ thống điều hướng về trang hiển thị kết quả tìm kiếm. | G60: pass | H60: 17/09/2025 | I60: Thi
A61: CD32 | B61: Kiểm tra dữ liệu tìm kiếm được giữ nguyên khi quay lại từ trang chi tiết chuyến đi | C61: Người dùng đã tìm kiếm chuyến xe và vào chi tiết chuyến đi | D61: Điểm đón: Hà Nội, Điểm trả: Hải Phòng, Ngày khởi hành: 25/09/2025 | E61: 1. Nhập dữ liệu tìm kiếm và nhấn Tìm kiếm. 2. Chọn 1 chuyến để vào trang chi tiết chuyến đi. 3. Nhấn Quay lại. | F61: Hệ thống quay về trang hiển thị kết quả tìm kiếm, hiển thị đúng danh sách chuyến theo dữ liệu ban đầu. | G61: pass | H61: 17/09/2025 | I61: Thi
A62: CD33 | B62: Xác nhận hiển thị đúng kết quả tìm kiếm khi chuyển trang | C62: Người dùng đã tìm kiếm ở trang chủ | D62: Điểm đón: Hà Nội, Điểm trả: Hải Phòng, Ngày khởi hành: 25/09/2025 | E62: 1. Tại trang chủ, nhập thông tin vào box tìm kiếm 2. Nhấn “Tìm kiếm” 3. Quan sát box tìm kiếm ở trang kết quả | F62: Tất cả dữ liệu tìm kiếm từ trang hiển thị kết quả tìm kiếm được truyền và hiển thị chính xác trên trang chi tiết chuyến đi | G62: pass | H62: 17/09/2025 | I62: Thi
A63: CD34 | B63: Xác nhận hiển thị đúng khi người dùng tìm kiếm chuyến xe mới | C63: Người dùng truy cập trang hiển chị kết quả tìm kiếm | D63: Điểm đón: Quảng nam, Điểm trả: Gia Lai, Ngày khởi hành: 25/09/2025 | E63: 1. Nhập điểm đón, điểm trả, ngày khởi hành 2. Nhấp "Tìm kiếm" | F63: Hệ thống hiển thị danh sách chuyến đúng theo dữ liệu mới nhập, box tìm kiếm hiển thị thông tin mới | G63: pass | H63: 17/09/2025 | I63: Thi
A64: CD35 | B64: Xác nhận hiển thị đúng khi người dùng tìm kiếm chuyến xe trùng với lần tìm kiếm trước | C64: Người dùng truy cập trang hiển chị kết quả tìm kiếm | D64: Điểm đón: Hà Nội, Điểm trả: Hải Phòng, Ngày khởi hành: 25/09/2025 | E64: 1. Nhập điểm đón, điểm trả, ngày khởi hành đã tìm kiếm trước đó 2. Nhấp "Tìm kiếm" | F64: Kết quả hiển thị không đổi, nhưng hệ thống vẫn reload kết quả để đảm bảo tính đồng bộ | G64: pass | H64: 17/09/2025 | I64: Thi
A65: CD36 | B65: Xác nhận hiển thị lỗi khi bỏ trống trường địa điểm đón | C65: Người dùng ở box tìm kiếm | D65: Điểm đón: Điểm trả: Hải Phòng, Ngày khởi hành: 25/09/2025 | E65: 1. Để trống địa điểm đón. 2. Nhấn Tìm kiếm. | F65: Hệ thống hiển thị thông báo: “Vui lòng nhập địa điểm đón”. | G65: pass | H65: 17/09/2025 | I65: Thi
... A102: CD73 | B102: Xác nhận giữ lại thông tin chuyến đã chọn khi người dùng đăng nhập | C102: Người dùng chưa đăng nhập, có tài khoản hợp lệ | D102: Điểm đón: Hà Nội, Điểm trả: Nha trang, thời gian: 6h00 - 18h30 | E102: 1. Truy cập danh sách chuyến 2. Nhấn Chọn chuyến 3. Đăng nhập thành công | F102: Sau khi đăng nhập thành công, hệ thống ghi nhớ và quay lại bước chọn chuyến để tiếp tục | G102: pass | H102: 17/09/2025 | I102: Thi
A103: POPUP CHỌN CHUYẾN
A104: CD74 | B104: Xác nhận đặt ghế thành công khi chọn ghế và nhấn Tiếp tục | C104: Người dùng đã đăng nhập, popup chọn chuyến hiển thị | D104: Chọn ghế A1 | E104: 1. Mở popup chọn chuyến 2. Chọn ghế 3. Nhấn Tiếp tục | F104: Hệ thống lưu thông tin ghế và chuyển sang trang chi tiết đón/trả + tổng tiền vé | G104: pass | H104: 17/09/2025 | I104: Thi
A105: CD75 | B105: Xác nhận không cho người dùng chọn ghế đã đặt | C105: Ghế A2 đã được đặt trước | D105: Chọn ghế A2 | E105: 1. Mở popup chọn chuyến 2. Nhấn chọn ghế | F105: Ghế không thể chọn, trạng thái ghế không đổi (màu xám/khóa) | G105: pass | H105: 17/09/2025 | I105: Thi
A106: CD76 | B106: Xác nhận hiển thị đúng khi người dùng chọn ghế đơn | C106: Ghế đơn A3 còn trống | D106: Chọn ghế A3 | E106: 1. Mở popup chọn chuyến 2. Nhấn chọn ghế đơn | F106: Ghế đổi sang màu xanh, Tổng cộng = 700,000đ | G106: pass | H106: 17/09/2025 | I106: Thi
A107: CD77 | B107: Xác nhận hiển thị đúng khi người dùng chọn ghế đôi | C107: Ghế đôi B1-B2 còn trống | D107: Chọn ghế đôi B1-B2 | E107: 1. Mở popup chọn chuyến 2. Nhấn chọn ghế đôi | F107: Ghế đổi sang màu xanh, Tổng cộng = 900,000đ | G107: pass | H107: 17/09/2025 | I107: Thi
A108: CD78 | B108: Xác nhận hiển thị đúng khi người dùng chọn nhiều ghế cùng lúc | C108: Các ghế đơn/đôi còn trống | D108: Ghế A1, A3, B1-B2 | E108: 1. Mở popup chọn chuyến 2. Nhấn chọn nhiều ghế | F108: Tất cả ghế được chọn đổi sang màu xanh và hiển thị đúng tổng tiền theo loại ghế | G108: pass | H108: 17/09/2025 | I108: Thi
A109: CD79 | B109: Xác nhận hiển thị đúng khi người dùng bỏ chọn ghế | C109: Ghế A1 đang được chọn | D109: Bỏ chọn ghế A1 | E109: 1. Mở popup chọn chuyến 2. Nhấn chọn ghế 3. Nhấn lại lần nữa để bỏ chọn ghế | F109: Hệ thống hiển thị ghế trở về màu vàng hoặc tím, và giá tiền sẽ quay về trạng thái trước đó | G109: pass | H109: 17/09/2025 | I109: Thi
A110: CD80 | B110: Xác nhận hiển thị đúng tổng tiền khi người dùng chọn nhiều ghế cùng lúc | C110: Các ghế đơn/đôi còn trống | D110: Ghế A1, A3, B1-B2 | E110: 1. Mở popup chọn chuyến 2. Nhấn chọn nhiều ghế | F110: Hệ thống hiển thị tổng tiền cho tất cả các ghế đã chọn | G110: pass | H110: 17/09/2025 | I110: Thi
A111: CD81 | B111: Xác nhận hiển thị đúng khi người dùng nhấp vào nút "Quay lại" | C111: Người dùng đang ở PopUp chọn chuyến | D111: N/ A | E111: 1. Mở popup chọn chuyến 2. Nhấn chọn ghế 3. Nhấn "Quay lại" | F111: Hệ thông thoát PopUp và quay lại trang chi tiết chuyến đi | G111: pass | H111: 17/09/2025 | I111: Thi
A112: CD82 | B112: Xác nhận hiển thị đúng khi người dùng đã chọn ghế và nhấp vào nút "Tiếp tục" | C112: Có ít nhất 1 ghế đã chọn | D112: Ghế A1 | E112: 1. Mở popup chọn chuyến 2. Nhấn chọn ghế 3. Nhấn "Tiếp tục" | F112: Hệ thống chuyển sang trang chi tiết đón/trả và tổng tiền vé | G112: pass | H112: 17/09/2025 | I112: Thi
A113: CD83 | B113: Xác nhận hiển thị đúng khi người dùng nhấp vào nút "Tiếp tục" mà chưa chọn ghế | C113: Chưa có ghế nào được chọn | D113: N/ A | E113: 1. Mở popup chọn chuyến 2. Không nhấn chọn ghế 3. Nhấn "Tiếp tục" | F113: Hệ thống hiển thị thông báo: “Vui lòng chọn ghế để tiếp tục thanh toán” | G113: pass | H113: 17/09/2025 | I113: Thi
A114: POPUP CHI TIẾT ĐÓN TRẢ
A115: CD84 | B115: Xác nhận thành công khi chọn đầy đủ điểm đón và trả | C115: Người dùng đã chọn ghế và nhấp tiếp để mở popup chọn điểm đón/trả | D115: Điểm đón: 23h30 Trạm Hàng Xanh, Điểm trả: 5h04 Chợ Mỹ Thanh | E115: 1. Mở popup chọn điểm đón/trả 2. Chọn điểm đón 3. Chọn điểm trả 4. Nhấn Tiếp tục | F115: Hệ thống lưu thông tin điểm đón/trả và chuyển đến trang thanh toán | G115: pass | H115: 17/09/2025 | I115: Thi
A116: CD85 | B116: Xác nhận hiển thị đúng tổng cộng giá tiền từ popup chọn ghế sau khi nhấp Tiếp tục | C116: Người dùng đã chọn ghế trước đó với tổng tiền 1,200,000đ | D116: Ghế A1, A2 | E116: 1. Chọn điểm đón/trả 2. Nhấn Tiếp tục | F116: Hệ thống hiển thị đúng tổng cộng giá tiền | G116: pass | H116: 17/09/2025 | I116: Thi
A117: CD86 | B117: Xác nhận hiển thị lỗi khi bỏ trống điểm đón | C117: Popup chọn điểm đón/trả hiển thị | D117: Điểm đón: Điểm trả: 5h04 Chợ Mỹ Thanh | E117: 1. Bỏ trống điểm đón2. Nhấn Tiếp tục | F117: Hệ thống hiển thị thông báo: “Vui lòng chọn điểm đón” | G117: pass | H117: 17/09/2025 | I117: Thi
A118: CD87 | B118: Xác nhận hiển thị lỗi khi bỏ trống điểm trả | C118: Popup chọn điểm đón/trả hiển thị | D118: Điểm đón: 23h30 Trạm Hàng Xanh, Điểm trả: | E118: 1. Bỏ trống điểm trả2. Nhấn Tiếp tục | F118: Hệ thống hiển thị thông báo: “Vui lòng chọn điểm trả” | G118: pass | H118: 17/09/2025 | I118: Thi
A119: CD88 | B119: Xác nhận hiển thị đúng khi nhập địa chỉ tùy chỉnh | C119: Popup cho phép nhập địa chỉ tùy chỉnh | D119: Điểm đón: 123 Nguyễn Huệ, Quận 1 Điểm trả: 117 Hùng vương, Khánh Hòa | E119: 1. Nhập địa chỉ vào ô tùy chỉnh 2. Nhấn Tiếp tục | F119: Hệ thống lưu địa chỉ nhập tay thay cho danh sách mặc định và chuyển sang trang thanh toán | G119: pass | H119: 17/09/2025 | I119: Thi
A120: CD89 | B120: Xác nhận hiển thị lỗi khi nhập địa chỉ tùy chỉnh điểm đón nhưng không chọn điểm trả hoặc chọn điểm trả | C120: Popup cho phép nhập địa chỉ tùy chỉnh | D120: Điểm đón: 123 Nguyễn Huệ, Quận 1 Điểm trả: | E120: 1. Nhập địa chỉ vào ô tùy chỉnh 2. Nhập điểm đón, không chọn hoặc nhập điểm trả 3. Nhấn Tiếp tục | F120: Hệ thống hiển thị thông báo: “Vui lòng chọn điểm trả” | G120: pass | H120: 17/09/2025 | I120: Thi
A121: CD90 | B121: Xác nhận hiển thị lỗi khi nhập địa chỉ tùy chỉnh điểm trả nhưng không chọn điểm đón hoặc chọn điểm đón | C121: Popup cho phép nhập địa chỉ tùy chỉnh | D121: Điểm đón: Điểm trả: 117 Hùng vương, Khánh Hòa | E121: 1. Nhập địa chỉ vào ô tùy chỉnh 2. Nhập điểm trả, không chọn hoặc nhập điểm đón 3. Nhấn Tiếp tục | F121: Hệ thống hiển thị thông báo: “Vui lòng chọn điểm đón” | G121: pass | H121: 17/09/2025 | I121: Thi
A122: CD91 | B122: Xác nhận hiển thị lỗi khi không nhập hoặc chọn địa điểm đón trả | C122: Người dùng đang ở PopUp chọn chuyến | D122: Điểm đón: Điểm trả: | E122: 1. Nhập địa chỉ vào ô tùy chỉnh 2. Không chọn/ nhập điểm đón, điểm trả 3. Nhấn Tiếp tục | F122: Hệ thống hiển thị thông báo: “Vui lòng chọn điểm đón và điểm trả” | G122: pass | H122: 17/09/2025 | I122: Thi
A123: CD92 | B123: Xác nhận hiển thị đúng khi người dùng nhấp vào nút "Quay lại" | C123: Người dùng đang ở PopUp chọn chuyến | D123: N/ A | E123: 1. Mở popup chọn chuyến 2. Nhấn chọn ghế 3. Nhấn "Quay lại" | F123: Hệ thông thoát PopUp chi tiết đón/ trả và quay lại PopUp chọn chuyến | G123: pass | H123: 17/09/2025 | I123: Thi
A124: CD93 | B124: Xác nhận hiển thị đúng khi người dùng đã chọn điểm đón/trả và click "Tiếp tục" | C124: Có chọn một điểm đón và trả hợp lệ | D124: Điểm đón: 23h30 Trạm Hàng Xanh, Điểm trả: 5h04 Chợ Mỹ Thanh | E124: 1. Mở PopUp 2. Chọn điểm đón/ trả 3. Nhấn Tiếp tục | F124: Hệ thống chuyển đến trang thanh toán | G124: pass | H124: 17/09/2025 | I124: Thi
A125: CD94 | B125: Xác nhận hiển thị lỗi khi người dùng chưa chọn điểm đón/trả và click "Tiếp tục" | C125: Chưa chọn bất kỳ điểm đón/trả nào | D125: N/ A | E125: 1. Mở popup 2. Không chọn điểm đón/trả 3. Nhấn Tiếp tục | F125: Hệ thống hiển thị thông báo: “Vui lòng chọn điểm đón/trả” | G125: pass | H125: 17/09/2025 | I125: Thi

Sheet Chuyến xe của tôi
A1: Project Name | B1: XÂY DỰNG HỆ THÔNG QUẢN LÝ NHÀ XE TÍCH HỢP THANH TOÁN TRỰC TRUYẾN
A2: Module Code | B2: Chuyến xe của tôi
B3: Tổng số testcase | C3: Hoàn Thành | D3: Lỗi | E3: Bị chặn | F3: Tổng lần kiểm tra
A4: Round 1 | B4: =COUNTIF(A:A,"CD*") -> 40 | C4: =COUNTIF(G:G,"pass") -> 37 | D4: =COUNTIF(G:G,"failed") -> 2 | E4: =COUNTIF(G:G,"Block") -> 0
G21: Round 1
A22: Test Case ID | B22: Sumary | C22: Pre-condition | D22: Test Data | E22: Steps | F22: Expected Result | G22: Result | H22: Test Date | I22: Tester
A23: GUI
A24: CHUYẾN ĐI CỦA TÔI
A25: CD01 | B25: Xác nhận hiển thị tiêu đề “Chuyến Xe Của Tôi” | C25: Truy cập trang chuyến đi của tôi | D25: N/A | E25: 1. Đăng nhập vào hệ thống 2. Trên thanh menu, chọn Chuyến Xe Của Tô | F25: Trang hiển thị tiêu đề Chuyến Xe Của Tôi ở đầu trang | G25: pass | H25: 17/09/2025 | I25: Yên
A26: CD02 | B26: Xác nhận hiển thị có 3 tab: Hiện Tại, Đã Đi, Đã Hủy | C26: Truy cập trang chuyến đi của tôi | D26: N/A | E26: 1. Truy cập menu Chuyến Xe Của Tôi 2. Quan sát phần hiển thị các tab | F26: Hiển thị đủ 3 tab: Hiện Tại, Đã Đi, Đã Hủy | G26: pass | H26: 17/09/2025 | I26: Yên
A27: CD03 | B27: Xác nhận hiển thị danh sách chuyến xe hiển thị đầy đủ thông tin | C27: Truy cập trang chuyến đi của tôi | D27: N/A | E27: 1. Vào tab Hiện Tại 2. Quan sát thông tin hiển thị trên chuyến xe | F27: Hiển thị: ảnh xe, giờ đi, điểm đón, điểm đến, trạng thái (Đã đặt), tổng số tiền, nút Thông tin chi tiết, nút Hủy | G27: pass | H27: 17/09/2025 | I27: Yên
A28: CD04 | B28: Xác nhận hiển thị popup hủy vé hiển thị đúng giao diện | C28: Truy cập trang chuyến đi của tôi | D28: N/A | E28: 1. Vào tab Hiện Tại 2. Click nút Hủy trên chuyến xe | F28: Hiển thị popup “Bạn muốn hủy vé?” với 5 checkbox lý do, nút Hủy vé, nút Đóng | G28: pass | H28: 17/09/2025 | I28: Yên
A29: CD05 | B29: Xác nhận hiển thị popup Thông tin chi tiết hiển thị đúng giao diện | C29: Truy cập trang chuyến đi của tôi | D29: N/A | E29: 1. Vào tab Đã đi 2. Click Thông tin chi tiế | F29: Hiển thị popup chi tiết chuyến xe: ảnh, giờ đi, điểm đi/đến, trạng thái đã đặt, thông tin giá tiền | G29: pass | H29: 17/09/2025 | I29: Yên
A30: POPUP HỦY
A31: CD06 | B31: Xác nhận hiển thị lý do hủy vé | C31: Truy cập trang chuyến đi của tôi | D31: N/A | E31: 1. Vào tab Hiện Tại 2. Click nút Hủy trên chuyến xe | F31: Hiển thị popup “Bạn muốn hủy vé?” với 5 checkbox lý do, nút Hủy vé, nút Đóng | G31: pass | H31: 17/09/2025 | I31: Yên
A32: CD07 | B32: Xác nhận hiển thị nút hủy vé | C32: Truy cập trang chuyến đi của tôi | D32: N/A | E32: 1. Vào tab Hiện Tại 2. Click nút Hủy trên chuyến xe | F32: Hiển thị nút hủy vé thành công khi chọn 1 trong 5 lý do | G32: pass | H32: 17/09/2025 | I32: Yên
A33: CD08 | B33: Xác nhận hiển thị nút đóng | C33: Truy cập trang chuyến đi của tôi | D33: N/A | E33: 1. Vào tab Hiện Tại 2. Click nút Hủy trên chuyến xe 3. Click nút đóng | F33: Đóng popup không lưu dữ liệu | G33: pass | H33: 17/09/2025 | I33: Yên
A34: POPUP THÔNG TIN CHI TIẾT
A35: CD09 | B35: Kiểm tra hiển thị popup khi xem chi tiết vé | C35: Người dùng đã chọn vé từ danh sách booking | D35: N/A | E35: 1. Chọn vé trong danh sách 2. Nhấn “Xem chi tiết” | F35: Popup “Chi tiết thông tin chuyến đi” hiển thị đầy đủ thông tin: Tuyến, Nhà xe, Chuyến, Loại xe, Số lượng, Mã ghế, Tạm tính, Mã vé, Giá vé, Bảo hiểm, Điểm đón, Điểm trả | G35: pass | H35: 17/09/2025 | I35: Yên
A36: CD10 | B36: Kiểm tra nút “Đóng” hoạt động | C36: Popup đã hiển thị | D36: N/A | E36: 1. Mở popup 2. Nhấn nút “Đóng” | F36: Popup đóng lại, quay về màn hình trước đó | G36: pass | H36: 17/09/2025 | I36: Yên
A37: CD11 | B37: Kiểm tra tính chính xác của thông tin giá vé | C37: Có vé đã đặt thành công | D37: N/A | E37: 1. Mở popup 2. Xem mục “Tạm tính” và “Giá vé” | F37: “Tạm tính = Giá vé + Bảo hiểm” (920.000đ). Giá vé và bảo hiểm hiển thị đúng | G37: pass | H37: 17/09/2025 | I37: Yên
A38: CD12 | B38: Kiểm tra hiển thị điểm đón/trả và thời gian dự kiến | C38: Chuyến xe có điểm đón/trả | D38: N/A | E38: 1. Mở popup 2. Kiểm tra mục “Điểm đón” và “Điểm trả” | F38: Thông tin địa chỉ hiển thị chính xác, thời gian dự kiến hiển thị đúng định dạng (HH:mm dd/MM/yyyy) | G38: pass | H38: 17/09/2025 | I38: Yên
A39: CD13 | B39: Kiểm tra hiển thị mã vé và mã ghế/giường | C39: Vé có mã vé và ghế đã đặt | D39: N/A | E39: 1. Mở popup 2. Xem mục “Mã vé” và “Mã ghế/giường” | F39: Mã vé và mã ghế hiển thị đúng theo dữ liệu đặt vé | G39: pass | H39: 17/09/2025 | I39: Yên
A40: CD14 | B40: Kiểm tra định dạng tiền tệ hiển thị | C40: Có giá vé và bảo hiểm | D40: N/A | E40: 1. Mở popup 2. Xem các trường giá tiền | F40: Các giá trị hiển thị đúng định dạng: ###.###đ | G40: pass | H40: 17/09/2025 | I40: Yên
A41: CD15 | B41: Kiểm tra hiển thị loại xe | C41: Vé thuộc loại xe cụ thể | D41: N/A | E41: 1. Mở popup 2. Xem mục “Loại xe” | F41: Loại xe hiển thị chính xác theo dữ liệu đặt vé | G41: pass | H41: 17/09/2025 | I41: Yên
A42: CD16 | B42: Kiểm tra trường hợp không có dữ liệu | C42: Người dùng chọn vé đã bị hủy | D42: N/A | E42: 1. Chọn vé đã hủy 2. Nhấn “Xem chi tiết” | F42: Hệ thống báo “Không tìm thấy thông tin vé” hoặc popup hiển thị thông báo lỗi | G42: pass | H42: 17/09/2025 | I42: Yên
A43: FUNCTION
A44: CHUYẾN ĐI CỦA TÔI
A45: CD17 | B45: Xác nhận thông báo hiển thị khi danh sách chuyến xe trống | C45: Truy cập trang chuyến đi của tôi | D45: N/A | E45: 1. Đăng nhập hệ thống bằng tài khoản 2. Vào menu Chuyến Xe Của Tôi 3. Chọn tab Hiện Tại | F45: Hiển thị thông báo “Bạn chưa có chuyến nào” | G45: pass | H45: 17/09/2025 | I45: Yên
A46: CD18 | B46: Xác nhận thông báo hiển thị đúng thông tin với tab đang mở | C46: Truy cập trang chuyến đi của tôi | D46: N/A | E46: 1. Đăng nhập hệ thống bằng tài khoản 2. Vào menu Chuyến Xe Của Tôi 3. Chọn tab Hiện Tại | F46: Hiển thị đúng danh sách đã đặt vé | G46: pass | H46: 17/09/2025 | I46: Yên
A47: CD19 | B47: Xác nhận thông báo hiển thị khi tab Đã đi trống | C47: Truy cập trang chuyến đi của tôi | D47: N/A | E47: 1. Đăng nhập hệ thống bằng tài khoản 2. Vào menu Chuyến Xe Của Tôi 3. Chọn tab đã đi | F47: Hiển thị thông báo “Bạn chưa từng đi chuyến nào” | G47: pass | H47: 17/09/2025 | I47: Yên
A48: CD20 | B48: Xác nhận thông báo hiển thị khi tab Đã hủy trống | C48: Truy cập trang chuyến đi của tôi | D48: N/A | E48: 1. Đăng nhập hệ thống bằng tài khoản 2. Vào menu Chuyến Xe Của Tôi 3. Chọn tab đã hủy | F48: Hiển thị thông báo “Bạn chưa từng hủy chuyến nào” | G48: pass | H48: 17/09/2025 | I48: Yên
A49: CD21 | B49: Xác nhận nút Đóng trong popup chi tiết hoạt động đúng | C49: Truy cập trang chuyến đi của tôi | D49: N/A | E49: 1. Vào tab Đã Đi 2. Click Thông tin chi tiết 3. Click Đóng | F49: Popup đóng lại, vẫn ở tab Đã Đi | G49: failed | H49: 17/09/2025 | I49: Yên
A50: CD22 | B50: Xác nhận hệ thống hiển thị chuyến xe theo đúng ngày giờ đặt | C50: Chuyến xe: Limousine 24 phòng đôi | D50: Chuyến 1: 20/09/2025 Chuyến 2:21/09/2025 | E50: 1. Vào menu Chuyến Xe Của Tôi 2. Chọn tab Hiện Tại 3. Quan sát danh sách | F50: Hiển thị thông báo danh sách được sắp xếp theo thời gian đi | H50: 17/09/2025 | I50: Yên
A51: CD23 | B51: Xác nhận thông báo hiển thị trạng thái chuyến xe hiển thị chính xác sau khi hủy | C51: Ngày đi: 20/09/2025 | D51: Chuyến xe: Limousine 24 phòng đôi Ngày đi: 20/09/2025 giờ đi : 5:00 văn phòng quận 5 - 11:00 văn phòng nha trang tổng số tiền : 900,000Đ Lý do hủy: Đổi kế hoạch | E51: 1. Vào tab Hiện Tại 2. Click Hủy 3. Chọn lý do “Đổi kế hoạch” 4. Click Hủy vé 5. Chuyển sang tab Đã Hủy | F51: Hiển thị thông báo chuyến xe Đã Hủy, trạng thái = “Đã Hủy” | G51: pass | H51: 17/09/2025 | I51: Yên
A52: POPUP HỦY
A53: CD24 | B53: Xác nhận hiển thị chuyến hiện tại, đã đi và hủy thành công chuyến khi người dùng điền đầy đủ thông tin trong popup hủy | C53: Truy cập trang chuyến đi của tôi | D53: Chuyến xe: Limousine chỗ Ngày đi: 25/09/2025 Giá: 500,000đ | E53: 1. Mở popup hủy vé 2. Chọn lý do :“Đặt nhầm chuyến " 3. Click Xác nhận hủy 4. Chuyển sang Trang chủ | F53: Popup hủy vé hiển thị với đầy đủ thông tin chuyến xe và lựa chọn lý do chuyển sang tab trang chủ | G53: pass | H53: 17/09/2025 | I53: Yên
A54: CD25 | B54: Xác nhận hiển thị lỗi trong khi chuyến đang khởi hành | C54: Truy cập trang chuyến đi của tôi | D54: Chuyến xe: Limousine chỗ Ngày đi: 25/09/2025 Giá: 500,000đ | E54: 1. Mở popup hủy vé 2. Chọn lý do :“Đặt nhầm chuyến " 3. Click Xác nhận hủy | F54: Hiển thị thông báo lỗi “chuyến đã khởi hành không thể hủy vé” | G54: pass | H54: 17/09/2025 | I54: Yên
A55: CD26 | B55: Xác nhận hiển thị popup hủy vé khi click nút “Hủy” | C55: Truy cập trang chuyến đi của tôi | D55: Chuyến xe: Limousine chỗ Ngày đi: 25/09/2025 Giá: 500,000đ | E55: 1. Mở popup hủy vé 2. Chọn lý do :“Đặt nhầm chuyến " 3. Click Xác nhận hủy 4. Chuyển sang tab Đã Hủy | F55: Popup hủy vé hiển thị với đầy đủ thông tin chuyến xe và lựa chọn lý do | G55: pass | H55: 17/09/2025 | I55: Yên
A56: CD27 | B56: Xác nhận hiển thị lỗi giới hạn số lần click nút " Hủy" | C56: Truy cập trang chuyến đi của tôi | D56: Chuyến xe: Limousine chỗ Ngày đi: 25/09/2025 Giá: 500,000đ | E56: 1. Mở popup hủy vé 2. Chọn lý do :“Đặt nhầm chuyến " 3. Click Xác nhận hủy ( 5 lần ) | F56: Hệ thống hiển thị thông báo giới hạn “ thử lại sau X phút” | G56: failed | H56: 17/09/2025 | I56: Yên
A57: CD28 | B57: Xác nhận hiển thị lý do hủy hiển thị đầy đủ | C57: Truy cập trang chuyến đi của tôi | D57: Các lý do: Đổi kế hoạch, Đặt nhầm chuyến, Giá cao, Khác | E57: 1. Mở popup hủy vé 2. Chọn lý do :“Đặt nhầm chuyến " 3. Click Xác nhận hủy 4. Chuyển sang tab Đã Hủy | F57: Hiển thị đúng các lý do hủy vé, cho phép chọn một trong các lựa chọn | G57: pass | H57: 17/09/2025 | I57: Yên
A58: CD29 | B58: Xác nhận hệ thống báo lỗi khi hủy vé khi chưa chọn lý do | C58: Truy cập trang chuyến đi của tôi | D58: Chuyến xe: Xe giường nằm Ngày đi: 26/09/2025 | E58: 1. Mở popup hủy vé 2. Chọn lý do : 3. Click Xác nhận hủy | F58: Hiển thị thông báo lỗi “Vui lòng chọn lý do hủy vé” | G58: pass | H58: 17/09/2025 | I58: Yên
A59: CD30 | B59: Xác nhận hiển thị popup hủy vé thành công khi click chọn 1 lí do hủy vé | C59: Truy cập trang chuyến đi của tôi | D59: Chuyến xe: Xe giường nằm Ngày đi: 26/09/2025 | E59: 1. Mở popup hủy vé 2. Chọn lý do :“Đặt nhầm chuyến " 3. Click Xác nhận hủy | F59: Popup hủy vé hiển thị với đầy đủ thông tin chuyến xe và lựa chọn lý do | G59: pass | H59: 17/09/2025 | I59: Yên
A60: CD31 | B60: Xác nhận hiển thị lỗi hủy vé khi click chọn 2 lí do hủy vé | C60: Truy cập trang chuyến đi của tôi | D60: Chuyến xe: Xe giường nằm Ngày đi: 26/09/2025 | E60: 1. Mở popup hủy vé 2. Chọn lý do :“Đặt nhầm chuyến " " thay đổi kế hoạch cá nhân " 3. Click Xác nhận hủy | F60: Hiển thị thông báo lỗi “Vui lòng chỉ chọn 1 lý do hủy vé” | G60: pass | H60: 17/09/2025 | I60: Yên
A61: CD32 | B61: Xác nhận hiển thị đúng khi nhấp vào nút Đóng trong popup | C61: Truy cập trang chuyến đi của tôi | D61: Chuyến xe: Xe ghế ngồi Ngày đi: 27/09/2025 | E61: 1. Mở popup hủy vé 2. Click Đóng | F61: Tắt Popup , danh sách không thay đổi | G61: pass | H61: 17/09/2025 | I61: Yên
A62: CD33 | B62: Xác nhận trạng thái chuyến xe chuyển sang “Đã hủy” sau khi hủy thành công | C62: Truy cập trang chuyến đi của tôi | D62: Chuyến xe: Limousine VIP Ngày đi: 28/09/2025 Lý do: Đặt nhầm chuyến | E62: 1. Mở popup hủy vé 2. Chọn lý do :“Đặt nhầm chuyến " 3. Click Xác nhận hủy 4. Chuyển sang tab Đã Hủy | F62: Chuyến xe hiển thị trong Đã Hủy với trạng thái = “Đã hủy” | G62: pass | H62: 17/09/2025 | I62: Yên
A63: CD34 | B63: Xác nhận hiển thị thông báo thành công sau khi hủy vé (23 giờ ) | C63: Truy cập trang chuyến đi của tôi | D63: Chuyến xe: Xe khách 45 chỗ Ngày đi: 29/09/2025 | E63: 1. Mở popup hủy vé 2. Chọn lý do :“Đặt nhầm chuyến " 3. Click Xác nhận hủy 4. Chuyển sang tab Đã Hủy | F63: Hiển thị thông báo “Hủy vé thành công” | G63: pass | H63: 17/09/2025 | I63: Yên
A64: CD35 | B64: Xác nhận hiển thị thông báo thành công sau khi hủy vé (24 giờ ) | C64: Truy cập trang chuyến đi của tôi | D64: Chuyến xe: Xe giường nằm Ngày đi: 30/09/2025 | E64: 1. Mở popup hủy vé 2. Chọn lý do :“Đặt nhầm chuyến " 3. Click Xác nhận hủy 4. Chuyển sang tab Đã Hủy | F64: Hiển thị thông báo “Hủy vé thành công” | G64: pass | H64: 17/09/2025 | I64: Yên
A65: CD36 | B65: Xác nhận hiển thị thông báo lỗi sau khi hủy vé ( quá 24 giờ ) | C65: Truy cập trang chuyến đi của tôi | D65: Chuyến xe: Xe giường nằm Ngày đi: 30/09/2025 | E65: 1. Mở popup hủy vé 2. Chọn lý do :“Đặt nhầm chuyến " 3. Click Xác nhận hủy 4. Chuyển sang tab Đã Hủy | F65: Hiển thị thông báo lỗi “Không thể hủy vé vì đã quá hạn hủy” | G65: pass | H65: 17/09/2025 | I65: Yên
A66: POPUP THÔNG TIN CHI TIẾT
A67: CD37 | B67: Xác nhận thông báo hiển thị loại xe, hình ảnh minh họa | C67: Truy cập trang chuyến đi của tôi | D67: Chuyến xe: Limousine 24 phòng đôi Ngày đi: 20/09/2025 giờ đi : 5:00 văn phòng quận 5 - 11:00 văn phòng nha trang tổng số tiền : 900,000Đ | E67: 1. Đăng nhập hệ thống bằng tài khoản 2. Vào menu Chuyến Xe Của Tôi 3. Chọn tab Hiện Tại | F67: Hiển thị thông báo loại xe, hình ảnh minh họa | G67: pass | H67: 17/09/2025 | I67: Yên
A68: CD38 | B68: Xác nhận thông báo hiển thị thời gian, địa điểm xuất phát và điểm đến | C68: Truy cập trang chuyến đi của tôi | D68: Chuyến xe: Limousine 24 phòng đôi Ngày đi: 20/09/2025 giờ đi : 5:00 văn phòng quận 5 - 11:00 văn phòng nha trang tổng số tiền : 900,000Đ | E68: 1. Đăng nhập hệ thống bằng tài khoản 2. Vào menu Chuyến Xe Của Tôi 3. Chọn tab Hiện Tại | F68: Hiển thị thông báo thời gian, địa điểm xuất phát và điểm đến | G68: pass | H68: 17/09/2025 | I68: Yên
A69: CD39 | B69: Xác nhận thông báo hiển thị Tổng số tiền cho chuyến đi | C69: Truy cập trang chuyến đi của tôi | D69: Chuyến xe: Limousine 24 phòng đôi Ngày đi: 20/09/2025 giờ đi : 5:00 văn phòng quận 5 - 11:00 văn phòng nha trang tổng số tiền : 900,000Đ | E69: 1. Đăng nhập hệ thống bằng tài khoản 2. Vào menu Chuyến Xe Của Tôi 3. Chọn tab Hiện Tại | F69: Hiển thị thông báo tổng số tiền | G69: pass | H69: 17/09/2025 | I69: Yên
A70: CD40 | B70: Xác nhận hiển thị nút đóng | C70: Truy cập trang chuyến đi của tôi | D70: N/A | E70: 1. Vào tab Hiện Tại 2. Click nút Thông tin chi tiết 3. Click nút đóng | F70: Hiển thị thông tin chuyến xe, đóng popup không lưu dữ liệu | G70: pass | H70: 17/09/2025 | I70: Yên

Sheet Quản lý xe
A1: Project Name | B1: XÂY DỰNG HỆ THÔNG QUẢN LÝ NHÀ XE TÍCH HỢP THANH TOÁN TRỰC TRUYẾN
A2: Module Code | B2: Chuyến đi của tôi
B3: Tổng số testcase | C3: Hoàn Thành | D3: Lỗi | E3: Bị chặn | F3: Tổng lần kiểm tra
A4: Round 1 | B4: =COUNTIF(A:A,"QLX*") -> 70 | C4: =COUNTIF(G:G,"pass") -> 70 | D4: =COUNTIF(G:G,"failed") -> 0 | E4: =COUNTIF(G:G,"Block") -> 0
G22: Round 1
A23: Test Case ID | B23: Sumary | C23: Pre-condition | D23: Test Data | E23: Steps | F23: Expected Result | G23: Result | H23: Test Date | I23: Tester
A24: GUI
A25: QLX01 | B25: Kiểm tra hiển thị tiêu đề “DANH SÁCH XE” | C25: Người quản lý đã đăng nhập | D25: N/A | E25: Vào menu Quản lý xe | F25: Tiêu đề “DANH SÁCH XE” hiển thị rõ ràng, đúng font, căn chỉnh chuẩn | G25: pass | H25: 17/09/2025 | I25: Vy
A26: QLX02 | B26: Kiểm tra cột tiêu đề bảng | C26: Người quản lý đã đăng nhập | D26: N/A | E26: Quan sát bảng danh sách xe | F26: Hiển thị đầy đủ các cột: ID Xe, Loại Xe, Biển số xe, Số Ghế, Tuyến đường, Trạng Thái, Note, Dịch Vụ | G26: pass | H26: 17/09/2025 | I26: Vy
A27: QLX03 | B27: Kiểm tra nút Thêm hiển thị | C27: Người quản lý đã đăng nhập | D27: N/A | E27: Quan sát góc trên trái danh sách | F27: Nút Thêm hiển thị màu xanh, đúng kích thước | G27: pass | H27: 17/09/2025 | I27: Vy
A28: QLX04 | B28: Kiểm tra nút Sửa hiển thị | C28: Có dữ liệu xe trong danh sách | D28: N/A | E28: Quan sát cột thao tác của xe | F28: Hiển thị nút Sửa màu xanh/đường dẫn chữ rõ ràng | G28: pass | H28: 17/09/2025 | I28: Vy
A29: QLX05 | B29: Kiểm tra nút Xóa hiển thị | C29: Có dữ liệu xe trong danh sách | D29: N/A | E29: Quan sát cột thao tác của xe | F29: Hiển thị nút Xóa màu đỏ/đường dẫn chữ rõ ràng | G29: pass | H29: 17/09/2025 | I29: Vy
A30: QLX06 | B30: Kiểm tra thanh Tìm kiếm | C30: Người quản lý đã đăng nhập | D30: N/A | E30: Quan sát phía trên bảng | F30: Có ô tìm kiếm hiển thị, placeholder đúng yêu cầu | G30: pass | H30: 17/09/2025 | I30: Vy
A31: QLX07 | B31: Kiểm tra dropdown hiển thị số bản ghi | C31: Người quản lý đã đăng nhập | D31: N/A | E31: Quan sát phía trên bảng | F31: Có dropdown chọn số bản ghi (10, 20, 50, …) | G31: pass | H31: 17/09/2025 | I31: Vy
A32: QLX08 | B32: Kiểm tra hiển thị popup khi nhấn Thêm | C32: Người quản lý đã đăng nhập | D32: N/A | E32: 1. Vào menu Quản lý xe 2. Nhấn nút Thêm | F32: Popup Thêm xe hiển thị đầy đủ | G32: pass | H32: 17/09/2025 | I32: Vy
A33: QLX09 | B33: Kiểm tra tiêu đề popup | C33: Popup Thêm đã mở | D33: N/A | E33: Quan sát popup | F33: Hiển thị tiêu đề “THÊM XE” đúng font, căn chỉnh chuẩn | G33: pass | H33: 17/09/2025 | I33: Vy
A34: QLX10 | B34: Kiểm tra các label trường nhập | C34: Popup Thêm đã mở | D34: N/A | E34: Quan sát form | F34: Các label hiển thị: Loại Xe, Biển số xe, Số Ghế, Tuyến đường, Trạng thái, Dịch vụ, Note | G34: pass | H34: 17/09/2025 | I34: Vy
A35: QLX11 | B35: Kiểm tra nút Thêm | C35: Popup Thêm đã mở | D35: N/A | E35: Quan sát cuối popup | F35: Hiển thị nút Thêm màu đỏ, căn trái | G35: pass | H35: 17/09/2025 | I35: Vy
A36: QLX12 | B36: Kiểm tra nút Đóng | C36: Popup Thêm đã mở | D36: N/A | E36: Quan sát cuối popup | F36: Hiển thị nút Đóng màu xanh, căn phải | G36: pass | H36: 17/09/2025 | I36: Vy
... A43: QLX19 | B43: Kiểm tra checkbox Dịch vụ | C43: Popup Sửa đã mở | D43: N/A | E43: Quan sát nhóm dịch vụ | F43: Hiển thị đầy đủ: Sạc điện thoại, Rèm cửa, Đưa/Đón khách tận nơi, Wifi, Khăn lạnh, Khác | G43: pass | H43: 17/09/2025 | I43: Vy
A44: GUI
A45: DANH SÁCH XE
A46: QLX20 | B46: Xác nhận hệ thống hiển thị đúng danh sách xe khi trong DB có dữ liệu | C46: Người quản lý nhà xe đã đăng nhập thành công; DB có ≥ 1 xe | D46: XeID=1, Loại=Limousine, Biển số=51A-12345, Số ghế=12, Tuyến=TP.HCM–Đà Lạt, Trạng thái=Đang hoạt động | E46: 1. Đăng nhập bằng tài khoản quản lý nhà xe 2. Click "Quản lý xe" | F46: Hệ thống hiển thị danh sách xe với đầy đủ thông tin (ID, Loại, Biển số, Số ghế, Tuyến, Trạng thái, Dịch vụ, Note) | G46: pass | H46: 17/09/2025 | I46: Vy
A47: QLX21 | B47: Xác nhận hệ thống hiển thị thông báo "Không có dữ liệu" khi DB không có xe | C47: Người quản lý nhà xe đã đăng nhập thành công; DB không có dữ liệu xe | D47: N/A | E47: 1. Đăng nhập bằng tài khoản quản lý nhà xe 2. Click "Quản lý xe" | F47: Hệ thống hiển thị thông báo “Không có dữ liệu” hoặc bảng rỗng | G47: pass | H47: 17/09/2025 | I47: Vy
A48: QLX22 | B48: Xác nhận hệ thống hiển thị kết quả chính xác khi tìm kiếm theo biển số hợp lệ | C48: Người quản lý nhà xe đã đăng nhập; DB có xe biển số "51A-12345" | D48: Biển số=51A-12345 | E48: 1. Đăng nhập bằng tài khoản quản lý nhà xe 2. Click "Quản lý xe" 3. Nhập “51A-12345” vào ô tìm kiếm 4. Nhấn "Tìm kiếm" | F48: Hệ thống hiển thị xe có biển số “51A-12345” | G48: pass | H48: 17/09/2025 | I48: Vy
A49: QLX23 | B49: Xác nhận hiển thị thông báo lỗi khi tìm kiếm theo biển số không tồn tại | C49: Người quản lý nhà xe đã đăng nhập; DB không có xe biển số “99X-99999” | D49: Biển số=99X-99999 | E49: 1. Đăng nhập bằng tài khoản quản lý nhà xe 2. Click "Quản lý xe" 3. Nhập “99X-99999” vào ô tìm kiếm 4. Nhấn "Tìm kiếm" | F49: Hệ thống hiển thị thông báo “Không tìm thấy dữ liệu” | G49: pass | H49: 17/09/2025 | I49: Vy
A50: QLX24 | B50: Xác nhận hệ thống hiển thị đúng dữ liệu khi danh sách xe có nhiều trang | C50: Người quản lý nhà xe đã đăng nhập; DB có > 20 xe | D50: 25 xe trong DB | E50: 1. Đăng nhập bằng tài khoản quản lý nhà xe 2. Click "Quản lý xe" 3. Chuyển sang trang 2 | F50: Hệ thống hiển thị đúng 10 xe tiếp theo; không bỏ sót/lặp dữ liệu | G50: pass | H50: 17/09/2025 | I50: Vy
A51: QLX25 | B51: Xác nhận hệ thống chuyển trang đúng khi click "Next" | C51: Người quản lý nhà xe đã đăng nhập; DB có > 20 xe | D51: 25 xe trong DB | E51: 1. Đăng nhập bằng tài khoản quản lý nhà xe 2. Click "Quản lý xe" 3. Nhấn nút "Next" | F51: Hệ thống chuyển sang trang 2 và hiển thị dữ liệu chính xác | G51: pass | H51: 17/09/2025 | I51: Vy
A52: QLX26 | B52: Xác nhận hệ thống quay lại trang trước khi click "Previous" | C52: Người quản lý nhà xe đã đăng nhập; DB có > 20 xe | D52: 25 xe trong DB | E52: 1. Đăng nhập bằng tài khoản quản lý nhà xe 2. Click "Quản lý xe" 3. Nhấn "Next" 4. Nhấn "Previous" | F52: Hệ thống quay lại trang đầu tiên, hiển thị dữ liệu chính xác | G52: pass | H52: 17/09/2025 | I52: Vy
A53: QLX27 | B53: Xác nhận mở popup Thêm xe khi click button “Thêm” | C53: Người quản lý nhà xe đã đăng nhập | D53: N/A | E53: 1. Đăng nhập bằng tài khoản quản lý nhà xe 2. Click "Quản lý xe" 3. Click nút “Thêm” | F53: Popup “Thêm xe” hiển thị | G53: pass | H53: 17/09/2025 | I53: Vy
A54: QLX28 | B54: Xác nhận popup Thêm xe không mở trùng lặp khi click nhiều lần | C54: Người quản lý nhà xe đã đăng nhập | D54: N/A | E54: 1. Đăng nhập bằng tài khoản quản lý nhà xe 2. Click "Quản lý xe" 3. Nhấn nút “Thêm” 2 lần | F54: Chỉ một popup “Thêm xe” hiển thị | G54: pass | H54: 17/09/2025 | I54: Vy
A55: QLX29 | B55: Xác nhận mở popup Sửa xe khi click button “Sửa” | C55: Người quản lý nhà xe đã đăng nhập | D55: N/A | E55: 1. Đăng nhập bằng tài khoản quản lý nhà xe 2. Click "Quản lý xe" 3. Click nút “Sửa” | F55: Popup “Sửa thông tin xe” hiển thị | G55: pass | H55: 17/09/2025 | I55: Vy
A56: QLX30 | B56: Xác nhận popup Sửa xe không mở trùng lặp khi click nhiều lần | C56: Người quản lý nhà xe đã đăng nhập | D56: N/A | E56: 1. Đăng nhập bằng tài khoản quản lý nhà xe 2. Click "Quản lý xe" 3. Nhấn nút “Sửa” 2 lần | F56: Chỉ một popup “Sửa thông tin xe” hiển thị | G56: pass | H56: 17/09/2025 | I56: Vy
A57: QLX31 | B57: Xác nhận mở popup Xóa xe khi click button “Xóa” | C57: Người quản lý nhà xe đã đăng nhập | D57: N/A | E57: 1. Đăng nhập bằng tài khoản quản lý nhà xe 2. Click "Quản lý xe" 3. Click nút “Xóa” | F57: Popup “Xóa thông tin xe” hiển thị | G57: pass | H57: 17/09/2025 | I57: Vy
A58: QLX32 | B58: Xác nhận popup Xóa xe không mở trùng lặp khi click nhiều lần | C58: Người quản lý nhà xe đã đăng nhập | D58: N/A | E58: 1. Đăng nhập bằng tài khoản quản lý nhà xe 2. Click "Quản lý xe" 3. Nhấn nút “Xóa” 2 lần | F58: Chỉ một popup “Xóa thông tin xe” hiển thị | G58: pass | H58: 17/09/2025 | I58: Vy
A59: POPUP THÊM THÔNG TIN XE
A60: QLX33 | B60: Xác nhận popup Thêm xe hiển thị đầy đủ các trường khi click “Thêm” | C60: Người quản lý nhà xe đã đăng nhập hợp lệ | D60: N/A | E60: 1. Đăng nhập bằng tài khoản quản lý nhà xe 2. Click "Quản lý xe". 3. Click nút Thêm. | F60: Popup “Thêm xe” hiển thị đầy đủ các mục: Loại xe (select), Biển số xe (input), Số ghế (input numeric), Tuyến đường (dropdown/search), Trạng thái (select: Đang hoạt động/Bảo trì/Ngưng hoạt động), Dịch vụ (checkbox list + Ô Khác), Note (textarea), nút Thêm (đỏ) và Đóng (xanh). | G60: pass | H60: 17/09/2025 | I60: Vy
A61: QLX34 | B61: Xác nhận không mở popup trùng lặp khi click “Thêm” nhiều lần | C61: Đã đăng nhập | D61: N/A | E61: 1. Đăng nhập bằng tài khoản quản lý nhà xe 2. Vào "Quản lý xe". 3. Nhấn nút Thêm 2–3 lần liên tiếp. | F61: Chỉ 1 popup hiển thị; các lần click sau không tạo popup mới hoặc bị ignore; focus ở popup hiện tại. | G61: pass | H61: 17/09/2025 | I61: Vy
A62: QLX35 | B62: Xác nhận giá trị mặc định của các trường khi mở popup | C62: Đã đăng nhập; danh sách tuyến có ít nhất 1 tuyến | D62: N/A | E62: 1. Đăng nhập bằng tài khoản quản lý nhà xe 2. Click "Quản lý xe". 3. Mở popup Thêm. | F62: Loại xe = (không chọn), Trạng thái = Đang hoạt động (mặc định), Dịch vụ = none, Note trống. | G62: pass | H62: 17/09/2025 | I62: Vy
A63: QLX36 | B63: Xác nhận hiển thị thông báo lỗi khi Loại xe bị để trống | C63: Đã đăng nhập; danh sách tuyến có ít nhất 1 tuyến | D63: Biển số=70B-55555; Số ghế=16; Tuyến=TP.HCM–Nha Trang | E63: 1. Đăng nhập bằng tài khoản quản lý nhà xe 2. Vào Quản lý xe. 3. Mở popup Thêm. 4. Để trống Loại xe; nhập Biển số=70B-55555, Số ghế=16, chọn Tuyến. 5. Click Thêm. | F63: Xác nhận hiển thị thông báo lỗi khi Loại xe để trống (vd: “Vui lòng chọn loại xe”). Không tạo bản ghi. Field Loại xe được highlight và focus. | G63: pass | H63: 17/09/2025 | I63: Vy
A64: QLX37 | B64: Xác nhận hiển thị lỗi khi Biển số để trống | C64: Đã đăng nhập | D64: Loại=Xe 16 chỗ; Biển số=(trống); Số ghế=16; Tuyến=TP.HCM–Nha Trang | E64: 1. Đăng nhập bằng tài khoản quản lý nhà xe 2. Vào Quản lý xe. 3. Mở popup Thêm 4. Để Biển số trống, điền các trường khác. 5. Điền các trường khác hợp lệ 6. Click button "Thêm" | F64: Xác nhận hiển thị thông báo lỗi khi Biển số để trống (“Biển số không được để trống”). Không lưu. | G64: pass | H64: 17/09/2025 | I64: Vy
A65: QLX38 | B65: Xác nhận hiển thị lỗi khi Biển số sai định dạng | C65: Đã đăng nhập | D65: Loại=Xe 16 chỗ; Biển số="ABC-123"; Số ghế=16; Tuyến=TP.HCM–Đà Lạt | E65: 1. Đăng nhập bằng tài khoản quản lý nhà xe 2. Vào Quản lý xe. 3. Mở popup Thêm 4. Nhập Biển số sai định dạng. 5. Điền các trường khác hợp lệ 6. Click button "Thêm" | F65: Xác nhận hiển thị thông báo lỗi khi Biển số sai định dạng (“Định dạng biển số không hợp lệ — mẫu: 51A-12345”). Không lưu. | G65: pass | H65: 17/09/2025 | I65: Vy
A66: QLX39 | B66: Xác nhận hiển thị lỗi khi Biển số trùng (case-insensitive & trim) | C66: Đã đăng nhập; DB có xe biển 51A-12345 | D66: Loại=Giường nằm; Biển số=" 51a-12345 " (có khoảng trắng + chữ thường); Số ghế=40 | E66: 1. Đăng nhập bằng tài khoản quản lý nhà xe 2. Vào Quản lý xe. 3. Mở popup Thêm. 4. Nhập Biển số = " 51a-12345 "; điền các trường hợp lệ. 5. Điền các trường khác hợp lệ 6. Click button "Thêm" | F66: Hệ thống trim khoảng trắng, so sánh không phân biệt hoa/thường → Xác nhận hiển thị thông báo lỗi khi Biển số đã tồn tại. Không lưu. | G66: pass | H66: 17/09/2025 | I66: Vy
A67: QLX40 | B67: Xác nhận lỗi khi Số ghế không phải số nguyên | C67: Đã đăng nhập | D67: Loại=Xe 16 chỗ; Biển số=70B-11111; Số ghế="mười sáu" | E67: 1. Đăng nhập bằng tài khoản quản lý nhà xe 2. Vào Quản lý xe. 3. Mở popup Thêm. 4. Nhập Số ghế="mười sáu". 5. Điền các trường khác hợp lệ 6. Click button "Thêm" | F67: Xác nhận hiển thị thông báo lỗi khi Số ghế không là số nguyên dương. Không lưu. | G67: pass | H67: 17/09/2025 | I67: Vy
A68: QLX41 | B68: Xác nhận lỗi khi Số ghế = 0 hoặc <0 | C68: Đã đăng nhập | D68: Loại=Xe 16 chỗ; Biển số=70B-22222; Số ghế=0 | E68: 1. Đăng nhập bằng tài khoản quản lý nhà xe 2. Vào Quản lý xe. 3. Mở popup Thêm. 4. Nhập Số ghế=0. 5. Điền các trường khác hợp lệ 6. Click button "Thêm" | F68: Xác nhận hiển thị thông báo lỗi khi Số ghế ≤ 0 (“Số ghế phải lớn hơn 0”). Không lưu. | G68: pass | H68: 17/09/2025 | I68: Vy
A69: QLX42 | B69: Xác nhận lỗi khi Số ghế vượt giới hạn theo Loại xe (Limousine) | C69: Đã đăng nhập | D69: Loại=Limousine; Biển số=70B-33333; Số ghế=20; Tuyến=TP.HCM–Đà Lạt | E69: 1. Đăng nhập bằng tài khoản quản lý nhà xe 2. Vào Quản lý xe. 3. Mở popup Thêm. 4. Chọn Loại=Limousine; nhập Số ghế=20. 5. Điền các trường khác hợp lệ 6. Click button "Thêm" | F69: Xác nhận hiển thị thông báo lỗi khi Số ghế vượt quá giới hạn của loại Limousine (≤12). Không lưu. | G69: pass | H69: 17/09/2025 | I69: Vy
A70: QLX43 | B70: Xác nhận lỗi khi Số ghế vượt giới hạn (Giường nằm) | C70: Đã đăng nhập | D70: Loại=Giường nằm; Biển số=71A-44444; Số ghế=60 | E70: 1. Đăng nhập bằng tài khoản quản lý nhà xe 2. Vào Quản lý xe. 3. Mở popup Thêm. 4. Chọn Giường nằm; nhập Số ghế=60 5. Điền các trường khác hợp lệ 6. Click button "Thêm" | F70: Xác nhận hiển thị thông báo lỗi khi Số ghế > 44. Không lưu. | G70: pass | H70: 17/09/2025 | I70: Vy
A71: QLX44 | B71: Xác nhận chấp nhận giá trị biên hợp lệ cho Số ghế (biên) | C71: Đã đăng nhập | D71: Loại=Xe 16 chỗ; Biển số=72B-55555; Số ghế=16 (biên trên) | E71: 1. Đăng nhập bằng tài khoản quản lý nhà xe 2. Vào Quản lý xe. 3. Mở popup Thêm. 4. Chọn Loại=Xe 16 chỗ; nhập Số ghế=16 5. Điền các trường khác hợp lệ 6. Click button "Thêm" | F71: Thông tin hợp lệ → Xe được thêm thành công; không có lỗi. | G71: pass | H71: 17/09/2025 | I71: Vy
... A83: QLX56 | B83: Xác nhận hiển thị preview / validation inline (nếu UI có) khi chọn Tuyến/search dropdown | C83: Đã đăng nhập; danh sách tuyến nhiều (có tìm kiếm) | D83: Nhập trong ô Tuyến từ khóa "Đà" | E83: 1. Đăng nhập bằng tài khoản quản lý nhà xe 2. Vào Quản lý xe. 3. Mở popup Thêm. 3. Gõ "Đà" vào ô Tuyến. | F83: Dropdown gợi ý tuyến có chứa "Đà..." hiển thị; chọn 1 item gán đúng; nếu gõ tên đầy đủ không khớp sẽ không cho submit (xem TH13). | G83: pass | H83: 17/09/2025 | I83: Vy
A84: POPUP SỬA THÔNG TIN XE
A85: QLX57 | B85: Xác nhận popup Sửa xe hiển thị đầy đủ thông tin xe khi click “Sửa” | C85: Người quản lý nhà xe đã đăng nhập hợp lệ; trong danh sách có ít nhất 1 xe | D85: N/A | E85: 1. Đăng nhập bằng tài khoản quản lý nhà xe 2. Vào Quản lý xe. 3. Chọn 1 xe bất kỳ, nhấn Sửa. | F85: Popup “Sửa xe” hiển thị với đầy đủ các trường: Thông tin xe (readonly), Biển số xe (input), Số ghế (input numeric), Trạng thái (select), Tuyến đường (dropdown), Dịch vụ (checkbox list), nút Lưu thay đổi và Đóng. Các giá trị hiển thị đúng dữ liệu hiện tại trong DB. | G85: pass | H85: 17/09/2025 | I85: Vy
A86: QLX58 | B86: Xác nhận không mở popup trùng lặp khi click “Sửa” nhiều lần | C86: Đã đăng nhập | D86: N/A | E86: 1. Đăng nhập bằng tài khoản quản lý nhà xe 2. Vào Quản lý xe. 3. Chọn 1 xe, click Sửa nhiều lần liên tiếp. | F86: Chỉ hiển thị 1 popup. Các click sau bị bỏ qua hoặc focus popup hiện có. | G86: pass | H86: 17/09/2025 | I86: Vy
A87: QLX59 | B87: Xác nhận không cho phép sửa Biển số xe trùng với xe khác trong DB | C87: Đã đăng nhập; có ít nhất 2 xe | D87: Biển số = 51A-12345 (đã tồn tại) | E87: 1. Đăng nhập bằng tài khoản quản lý nhà xe 2. Vào Quản lý xe. 3. Chọn xe A, nhấn Sửa. 3. Thay Biển số = 51A-12345. 4. Nhấn Lưu thay đổi. | F87: Hiển thị thông báo lỗi: “Biển số xe đã tồn tại trong hệ thống”. Không lưu. | G87: pass | H87: 17/09/2025 | I87: Vy
A88: QLX60 | B88: Xác nhận hiển thị lỗi khi nhập Biển số xe sai định dạng | C88: Đã đăng nhập | D88: Biển số = ABC-123 | E88: 1. Đăng nhập bằng tài khoản quản lý nhà xe 2. Vào Quản lý xe. 3. Chọn xe bất kỳ, nhấn Sửa. 4. Nhập Biển số sai định dạng. 5. Click Lưu thay đổi. | F88: Hiện lỗi: “Định dạng biển số không hợp lệ (VD: 51A-12345)”. Không lưu. | G88: pass | H88: 17/09/2025 | I88: Vy
A89: QLX61 | B89: Xác nhận hiển thị lỗi khi nhập Số ghế nhỏ hơn số vé đã bán | C89: Xe đang có vé bán ra > 0 | D89: Xe A đã bán 20 vé; Số ghế = 15 | E89: 1. Đăng nhập bằng tài khoản quản lý nhà xe 2. Vào Quản lý xe. 3. Chọn xe A, nhấn Sửa. 3. Nhập Số ghế = 15 4. Nhấn Lưu thay đổi. | F89: Hệ thống cảnh báo: “Số ghế không được nhỏ hơn số vé đã bán”. Không lưu. | G89: pass | H89: 17/09/2025 | I89: Vy
A90: QLX62 | B90: Xác nhận cập nhật thành công khi sửa Số ghế hợp lệ | C90: Xe có ≥1 vé đã bán | D90: Xe A đã bán 20 vé; Số ghế = 30 | E90: 1. Đăng nhập bằng tài khoản quản lý nhà xe 2. Vào Quản lý xe. 3. Chọn xe A, nhấn Sửa. 3. Nhập Số ghế = 30 4. Nhấn Lưu thay đổi. | F90: Cập nhật DB thành công, số ghế mới hiển thị trong danh sách. | G90: pass | H90: 17/09/2025 | I90: Vy
A91: QLX63 | B91: Xác nhận không cho phép đổi trạng thái sang Ngưng hoạt động khi xe đang có chuyến sắp chạy | C91: Xe đang có chuyến chưa khởi hành | D91: Trạng thái = Ngưng hoạt động | E91: 1. Đăng nhập bằng tài khoản quản lý nhà xe 2. Vào Quản lý xe. 3. Chọn xe có chuyến sắp chạy. 4. Nhấn Sửa. 5. Chọn trạng thái = “Ngưng hoạt động”. 6. Nhấn Lưu thay đổi. | F91: Hiện cảnh báo: “Xe đang có chuyến, không thể ngưng hoạt động”. Không lưu. | G91: pass | H91: 17/09/2025 | I91: Vy
A92: QLX64 | B92: Xác nhận đổi trạng thái sang Ngưng hoạt động khi xe không có chuyến sắp chạy | C92: Xe không có chuyến | D92: Trạng thái = Ngưng hoạt động | E92: 1. Đăng nhập bằng tài khoản quản lý nhà xe 2. Vào Quản lý xe. 3. Chọn xe không có chuyến 4. Nhấn Sửa. 5. Chọn trạng thái = “Ngưng hoạt động”. 6. Nhấn Lưu thay đổi. | F92: Trạng thái được cập nhật thành công. | G92: pass | H92: 17/09/2025 | I92: Vy
A93: QLX65 | B93: Xác nhận không cho phép gán tuyến không phù hợp với loại xe | C93: Xe Limousine | D93: Tuyến đường = Giường nằm | E93: 1. Đăng nhập bằng tài khoản quản lý nhà xe 2. Vào Quản lý xe. 3. Chọn xe Limousine 4. Nhấn Sửa. 5. Gán tuyến giường nằm 6. Nhấn Lưu thay đổi. | F93: Báo lỗi: “Tuyến không phù hợp với loại xe”. Không lưu. | G93: pass | H93: 17/09/2025 | I93: Vy
A94: QLX66 | B94: Xác nhận gán tuyến hợp lệ cho xe | C94: Xe Limousine | D94: Tuyến đường = Tuyến dành cho Limousine | E94: 1. Đăng nhập bằng tài khoản quản lý nhà xe 2. Vào Quản lý xe. 3. Chọn xe Limousine 4. Nhấn Sửa. 5. Chọn tuyến Limousine. 6. Nhấn Lưu thay đổi. | F94: Cập nhật thành công, tuyến hiển thị đúng. | G94: pass | H94: 17/09/2025 | I94: Vy
A95: QLX67 | B95: Xác nhận thay đổi dịch vụ thành công | C95: Đã đăng nhập | D95: Thêm dịch vụ Wifi | E95: 1. Đăng nhập bằng tài khoản quản lý nhà xe 2. Vào Quản lý xe. 3. Chọn xe bất kỳ 4. Nhấn Sửa. 5.Chọn thêm dịch vụ Wifi 6. Nhấn Lưu thay đổi. | F95: Dịch vụ mới hiển thị đúng trong danh sách. | G95: pass | H95: 17/09/2025 | I95: Vy
A96: QLX68 | B96: Xác nhận nút Lưu thay đổi hoạt động đúng khi dữ liệu hợp lệ | C96: Đã đăng nhập | D96: Biển số hợp lệ, Số ghế hợp lệ, Tuyến hợp lệ | E96: 1. Đăng nhập bằng tài khoản quản lý nhà xe 2. Vào Quản lý xe. 3. Chọn xe bất kỳ 4. Mở popup Sửa xe. 5. Nhập dữ liệu hợp lệ. 6. Nhấn Lưu thay đổi. | F96: DB cập nhật, popup đóng, danh sách hiển thị giá trị mới. | G96: pass | H96: 17/09/2025 | I96: Vy
... A98: QLX70 | B98: Xác nhận nút Đóng đóng popup mà không lưu dữ liệu | C98: Đã đăng nhập | D98: N/A | E98: 1. Đăng nhập bằng tài khoản quản lý nhà xe 2. Vào Quản lý xe. 3. Chọn xe bất kỳ 4. Mở popup Sửa xe. 5. Nhập dữ liệu không hợp lệ. 6. Nhấn button "Đóng" | F98: Popup đóng, dữ liệu trong DB giữ nguyên. | G98: pass | H98: 17/09/2025 | I98: Vy

Sheet Quản lý chuyến đi
A1: Project Name | B1: XÂY DỰNG HỆ THÔNG QUẢN LÝ NHÀ XE TÍCH HỢP THANH TOÁN TRỰC TRUYẾN
A2: Module Code | B2: Quản lý chuyến đi
B3: Tổng số testcase | C3: Hoàn Thành | D3: Lỗi | E3: Bị chặn | F3: Tổng lần kiểm tra
A4: Round 1 | B4: =COUNTIF(A:A,"CD*") -> 121 | C4: =COUNTIF(G:G,"pass") -> 121 | D4: =COUNTIF(G:G,"failed") -> 0 | E4: =COUNTIF(G:G,"Block") -> 0
G23: Round 1
A24: Test Case ID | B24: Sumary | C24: Pre-condition | D24: Test Data | E24: Steps | F24: Expected Result | G24: Result | H24: Test Date | I24: Tester
A25: GUI
A26: QUẢN LÝ CHUYẾN ĐI
A27: CD01 | B27: Xác minh rằng tiêu đề "DANH SÁCH VÉ ĐÃ ĐẶT" hiển thị đúng | C27: Người dùng đã đăng nhập và truy cập module Quản lý chuyến đi | D27: N/A | E27: 1. Vào trang "Quản lý chuyến đi" | F27: Tiêu đề DANH SÁCH VÉ ĐÃ ĐẶT hiển thị rõ ràng, đúng font và căn chỉnh | G27: pass | H27: 17/09/2025 | I27: Vy
A28: CD02 | B28: Xác minh rằng các cột trong bảng hiển thị đầy đủ | C28: Người dùng đang ở trang Quản lý chuyến đi | D28: N/A | E28: 1. Quan sát bảng danh sách | F28: Các cột: Mã chuyến, Tên người lái, Phụ xe, ID xe, Tuyến đường, Số lượng khách hàng, Chi tiết hiển thị đầy đủ | G28: pass | H28: 17/09/2025 | I28: Vy
A29: CD03 | B29: Xác minh rằng các hàng dữ liệu được căn chỉnh hợp lý | C29: Có ít nhất 1 chuyến đã được tạo trong hệ thống | D29: N/A | E29: 1. Quan sát một dòng dữ liệu | F29: Dữ liệu trong mỗi ô hiển thị đúng, căn giữa/dọc, không bị lệch | G29: pass | H29: 17/09/2025 | I29: Vy
A30: CD04 | B30: Xác minh rằng nút Xem hiển thị trong cột Chi tiết | C30: Có chuyến đi đã được lưu trong hệ thống | D30: N/A | E30: 1. Quan sát cột “Chi tiết” | F30: Nút Xem hiển thị rõ ràng, màu xanh, dễ click | G30: pass | H30: 17/09/2025 | I30: Vy
A31: CD05 | B31: Xác minh rằng thanh tìm kiếm hiển thị đầy đủ | C31: Người dùng đang ở trang Quản lý chuyến đi | D31: N/A | E31: 1. Quan sát thanh tìm kiếm | F31: Ô tìm kiếm có placeholder “Nhập từ khóa…”, nút search hiển thị biểu tượng kính lúp | G31: pass | H31: 17/09/2025 | I31: Vy
A32: CD06 | B32: Xác minh rằng nút Sort hiển thị | C32: Người dùng đang ở trang Quản lý chuyến đi | D32: N/A | E32: 1. Quan sát góc phải trên bảng | F32: Nút Sort hiển thị với biểu tượng mũi tên sắp xếp | G32: pass | H32: 17/09/2025 | I32: Vy
A33: CD07 | B33: Xác minh rằng thanh phân trang hiển thị đúng | C33: Hệ thống có > 10 chuyến để phân trang | D33: N/A | E33: 1. Quan sát cuối bảng | F33: Thanh phân trang hiển thị các nút: Previous, số trang, Next với style rõ ràng | G33: pass | H33: 17/09/2025 | I33: Vy
A34: POPUP THÊM CHUYẾN ĐI
A35: CD08 | B35: Xác minh rằng tiêu đề popup “Thêm chuyến đi” hiển thị đúng | C35: Người dùng click nút “Thêm chuyến đi” | D35: N/A | E35: 1. Click “Thêm chuyến đi” | F35: Tiêu đề hiển thị: “Thêm chuyến đi”, font in đậm, căn giữa | G35: pass | H35: 17/09/2025 | I35: Vy
A36: CD09 | B36: Xác minh rằng các trường input hiển thị đầy đủ | C36: Người dùng mở popup Thêm chuyến đi | D36: N/A | E36: 1. Quan sát form | F36: Các trường: Mã chuyến, Xe, Tài xế, Phụ xe, Điểm đón, Điểm trả, Ngày/giờ, Thời lượng, Giá vé, Hình ảnh → hiển thị đủ | G36: pass | H36: 17/09/2025 | I36: Vy
A37: CD10 | B37: Xác minh rằng nút “Lưu” và “Hủy” hiển thị đúng | C37: Người dùng mở popup Thêm chuyến đi | D37: N/A | E37: 1. Quan sát cuối form | F37: Có nút Lưu (màu xanh) và Hủy (màu xám) hiển thị rõ ràng | G37: pass | H37: 17/09/2025 | I37: Vy
A38: CD11 | B38: Xác minh rằng form hiển thị đúng kích thước và căn giữa màn hình | C38: Người dùng mở popup Thêm chuyến đi | D38: N/A | E38: 1. Quan sát popup | F38: Popup hiển thị giữa màn hình, kích thước vừa khung, không tràn | G38: pass | H38: 17/09/2025 | I38: Vy
A39: POPUP SỬA THÔNG TIN CHUYẾN ĐI
A40: CD12 | B40: Xác minh rằng tiêu đề popup “Sửa chuyến đi” hiển thị đúng | C40: Người dùng click “Sửa” tại 1 chuyến có sẵn | D40: N/A | E40: 1. Click nút Sửa | F40: Tiêu đề hiển thị: “Sửa chuyến đi” rõ ràng | G40: pass | H40: 17/09/2025 | I40: Vy
A41: CD13 | B41: Xác minh rằng dữ liệu cũ được load lên form | C41: Người dùng mở popup Sửa chuyến đi | D41: Mã chuyến = CX001 | E41: 1. Mở popup Sửa 2. Quan sát form | F41: Các trường hiển thị sẵn thông tin của chuyến đi CX001 | G41: pass | H41: 17/09/2025 | I41: Vy
A42: CD14 | B42: Xác minh rằng trường Mã chuyến bị khóa (readonly) | C42: Người dùng mở popup Sửa chuyến đi | D42: CX001 | E42: 1. Mở popup Sửa 2. Quan sát trường Mã chuyến | F42: Trường Mã chuyến bị disable, không cho chỉnh sửa | G42: pass | H42: 17/09/2025 | I42: Vy
A43: CD15 | B43: Xác minh rằng có nút “Cập nhật” và “Hủy” hiển thị đúng | C43: Người dùng mở popup Sửa chuyến đi | D43: N/A | E43: 1. Quan sát cuối form | F43: Có nút Cập nhật (màu xanh) và Hủy (màu xám) | G43: pass | H43: 17/09/2025 | I43: Vy
A44: POPUP XÓA CHUYẾN ĐI
A45: CD16 | B45: Xác minh rằng tiêu đề popup “Xóa chuyến đi” hiển thị đúng | C45: Người dùng click nút “Xóa” tại 1 chuyến đi | D45: N/A | E45: 1. Click Xóa | F45: Tiêu đề hiển thị: “Xóa chuyến đi” | G45: pass | H45: 17/09/2025 | I45: Vy
A46: CD17 | B46: Xác minh rằng popup hiển thị nội dung cảnh báo rõ ràng | C46: Người dùng mở popup Xóa | D46: N/A | E46: 1. Mở popup 2. Quan sát text | F46: Hiển thị: “Bạn có chắc chắn muốn xóa chuyến đi này?” | G46: pass | H46: 17/09/2025 | I46: Vy
A47: CD18 | B47: Xác minh rằng có nút “Đồng ý” và “Hủy” hiển thị đúng | C47: Người dùng mở popup Xóa | D47: N/A | E47: 1. Quan sát dưới popup | F47: Có nút Đồng ý (màu đỏ) và Hủy (màu xám) hiển thị rõ | G47: pass | H47: 17/09/2025 | I47: Vy
A48: CD19 | B48: Xác minh rằng popup căn giữa màn hình | C48: Người dùng mở popup Xóa | D48: N/A | E48: 1. Mở popup 2. Quan sát | F48: Popup hiển thị giữa màn hình, kích thước vừa khung | G48: pass | H48: 17/09/2025 | I48: Vy
A49: CHI TIẾT CHUYẾN ĐI
A50: CD20 | B50: Xác minh rằng breadcrumb hiển thị đúng | C50: Người dùng click Xem ở màn Quản lý chuyến đi | D50: N/A | E50: 1. Vào trang "Chi tiết chuyến đi" | F50: Breadcrumb hiển thị: Chuyến đi > Chi tiết | G50: pass | H50: 17/09/2025 | I50: Vy
A51: CD21 | B51: Xác minh rằng mã vé hiển thị nổi bật | C51: Người dùng đã vào chi tiết một chuyến đi | D51: N/A | E51: 1. Quan sát phần mã vé | F51: Mã vé (VD: DL001) hiển thị màu xanh, có gạch dưới | G51: pass | H51: 17/09/2025 | I51: Vy
A52: CD22 | B52: Xác minh rằng bảng danh sách khách hàng hiển thị đầy đủ cột | C52: Chuyến đi có ít nhất 1 khách hàng đã đặt vé | D52: N/A | E52: 1. Quan sát bảng khách hàng | F52: Các cột: ID KH, Tên KH, SĐT, Mã Vé, Trạng Thái, Thao tác hiển thị đầy đủ | G52: pass | H52: 17/09/2025 | I52: Vy
A53: CD23 | B53: Xác minh rằng trạng thái thanh toán hiển thị đúng màu | C53: Có khách hàng ở cả 2 trạng thái thanh toán | D53: N/A | E53: 1. Quan sát cột trạng thái | F53: Trạng thái: Đã thanh toán hiển thị màu xanh, Chưa thanh toán hiển thị màu đỏ | G53: pass | H53: 17/09/2025 | I53: Vy
A54: CD24 | B54: Xác minh rằng cột thao tác có link Xem | C54: Có khách hàng trong danh sách | D54: N/A | E54: 1. Quan sát cột Thao tác | F54: Link Xem hiển thị màu xanh, có thể click | G54: pass | H54: 17/09/2025 | I54: Vy
A55: CD25 | B55: Xác minh rằng thông tin chuyến đi hiển thị rõ ràng | C55: Người dùng đã vào chi tiết một chuyến đi có đầy đủ thông tin | D55: N/A | E55: 1. Quan sát khung thông tin | F55: Hiển thị: địa điểm, loại xe, số ghế, giờ đi/đến, hình ảnh minh họa | G55: pass | H55: 17/09/2025 | I55: Vy
A56: CD26 | B56: Xác minh rằng phần giá vé và tổng thanh toán hiển thị chính xác | C56: Hệ thống đã lưu giá vé và tổng thanh toán cho chuyến đi | D56: N/A | E56: 1. Quan sát cuối trang | F56: Hiển thị: Giá vé, Giảm giá, Tổng thanh toán (màu đỏ, đậm) | G56: pass | H56: 17/09/2025 | I56: Vy
A57: CD27 | B57: Xác minh rằng nút In hiển thị | C57: Người dùng đã vào trang chi tiết chuyến đi | D57: N/A | E57: 1. Quan sát góc phải trên | F57: Nút In hiển thị màu đỏ với biểu tượng máy in | G57: pass | H57: 17/09/2025 | I57: Vy
A58: CHI TIẾT KHÁCH HÀNG
A59: CD28 | B59: Xác minh rằng popup “Chi tiết thông tin khách hàng” hiển thị ở giữa màn hình khi click Chi tiết | C59: Người dùng đã đăng nhập admin, đang ở trang chi tiết chuyến đi | D59: Vé có khách hàng KH01 | E59: 1. Truy cập trang quản lý chuyến đi 2. Chọn một vé có khách hàng 3. Click Chi tiết | F59: Popup hiển thị ở trung tâm màn hình, overlay nền mờ | G59: pass | H59: 17/09/2025 | I59: Vy
A60: CD29 | B60: Xác minh rằng tiêu đề popup hiển thị đúng “CHI TIẾT THÔNG TIN KHÁCH HÀNG” | C60: Popup đã mở | D60: N/A | E60: 1. Mở popup chi tiết KH01 | F60: Tiêu đề hiển thị đúng, in đậm, căn giữa | G60: pass | H60: 17/09/2025 | I60: Vy
A61: CD30 | B61: Xác minh rằng các trường thông tin hiển thị theo đúng định dạng label + giá trị | C61: Popup đã mở | D61: KH01: Nguyễn Văn A, a@gmail.com, 0909123456 | E61: 1. Mở popup chi tiết KH01 | F61: Tất cả label + giá trị (Id KH, Tên, Email, SĐT, Giới tính, …) hiển thị đầy đủ | G61: pass | H61: 17/09/2025 | I61: Vy
A62: CD31 | B62: Xác minh định dạng thời gian ở trường Mã chuyến và “Dự kiến” hiển thị đúng | C62: Popup đã mở | D62: Mã chuyến: 23:30 • T5, 28/08/2025 | E62: 1. Mở popup chi tiết KH01 | F62: Thời gian hiển thị đúng định dạng hh:mm • EEE, dd/MM/yyyy | G62: pass | H62: 17/09/2025 | I62: Vy
A63: CD32 | B63: Xác minh nút Đóng hiển thị ở cuối popup và căn giữa | C63: Popup đã mở | D63: N/A | E63: 1. Mở popup chi tiết KH01 | F63: Nút Đóng hiển thị rõ, căn giữa phía dưới | G63: pass | H63: 17/09/2025 | I63: Vy
A64: CD33 | B64: Xác minh nút Đóng hoạt động đúng khi bấm vào | C64: Popup đã mở | D64: N/A | E64: 1. Mở popup chi tiết KH01 2. Click Đóng | F64: Popup biến mất, quay về trang danh sách | G64: pass | H64: 17/09/2025 | I64: Vy
A65: CD34 | B65: Xác minh nút X (close) hiển thị góc phải trên của popup | C65: Popup đã mở | D65: N/A | E65: 1. Mở popup chi tiết KH01 | F65: Biểu tượng X hiển thị rõ góc trên phải | G65: pass | H65: 17/09/2025 | I65: Vy
A66: CD35 | B66: Xác minh chức năng nút X (close) | C66: Popup đã mở | D66: N/A | E66: 1. Mở popup chi tiết KH01 2. Click nút X | F66: Popup biến mất, quay về danh sách | G66: pass | H66: 17/09/2025 | I66: Vy
A67: CD36 | B67: Xác minh rằng click ra ngoài vùng popup sẽ đóng popup | C67: Popup đã mở | D67: N/A | E67: 1. Mở popup chi tiết KH01 2. Click vào overlay ngoài popup | F67: Popup biến mất | G67: pass | H67: 17/09/2025 | I67: Vy
A68: CD37 | B68: Xác minh popup có thanh cuộn khi nội dung quá dài | C68: Điểm đón/trả có nội dung dài | D68: Điểm đón/trả nhập chuỗi dài > 500 ký tự | E68: 1. Mở popup chi tiết KH01 | F68: Xuất hiện thanh cuộn dọc, hiển thị hết nội dung | G68: pass | H68: 17/09/2025 | I68: Vy
A69: CD38 | B69: Xác minh font chữ trong popup đồng bộ với style chung của hệ thống | C69: Popup đã mở | D69: N/A | E69: 1. Mở popup chi tiết KH01 | F69: Font chữ hiển thị đồng bộ (Arial/Roboto), không bị lệch | G69: pass | H69: 17/09/2025 | I69: Vy
A70: FUNCTION
A71: QUẢN LÝ CHUYẾN ĐI
A72: CD39 | B72: Xác minh hệ thống hiển thị danh sách chuyến đi khi có dữ liệu | C72: Có dữ liệu chuyến đi trong DB | D72: Chuyến đi: Mã 001, Xe 45B-12345, Tuyến Đà Nẵng – Huế, Ngày 22/09/2025 | E72: 1. Vào menu “Danh sách chuyến đi” | F72: Hệ thống hiển thị đúng các cột: Mã chuyến, ID Xe, Tuyến đường, Ngày, SL khách, Chi tiết | G72: pass | H72: 17/09/2025 | I72: Vy
A73: CD40 | B73: Xác minh hệ thống hiển thị thông báo khi không có chuyến đi | C73: DB không có bản ghi chuyến đi nào | D73: N/A | E73: 1. Vào menu “Danh sách chuyến đi” | F73: Hiển thị thông báo “Không có chuyến đi nào trong hệ thống” | G73: pass | H73: 17/09/2025 | I73: Vy
A74: CD41 | B74: Xác minh chuyến đã hủy không hiển thị trong danh sách mặc định | C74: Có chuyến có trạng thái “Đã hủy” | D74: Chuyến đi: Mã 010, Trạng thái Hủy | E74: 1. Vào “Danh sách chuyến đi” | F74: Hệ thống không hiển thị chuyến có trạng thái “Đã hủy” | G74: pass | H74: 17/09/2025 | I74: Vy
A75: CD42 | B75: Xác minh danh sách được sắp xếp mặc định theo ngày đi tăng dần | C75: DB có nhiều chuyến với ngày khác nhau | D75: N/A | E75: 1. Vào “Danh sách chuyến đi” | F75: Danh sách được sắp xếp theo ngày đi tăng dần | G75: pass | H75: 17/09/2025 | I75: Vy
A76: CD43 | B76: Xác minh hệ thống giữ filter khi chuyển trang phân trang | C76: Có >20 chuyến để tạo phân trang | D76: Filter: Tuyến “Hà Nội – Huế” | E76: 1. Vào “Danh sách chuyến đi” 2. Chọn filter Tuyến “Hà Nội – Huế” 3. Chuyển sang trang 2 | F76: Hệ thống vẫn giữ filter đã chọn khi sang trang 2 | G76: pass | H76: 17/09/2025 | I76: Vy
A77: CD44 | B77: Xác minh hệ thống tìm kiếm theo Mã chuyến chính xác | C77: DB có nhiều chuyến | D77: Input: “002” | E77: 1. Vào “Danh sách chuyến đi” 2. Nhập “002” 3. Click “Tìm kiếm” | F77: Chỉ hiển thị chuyến có Mã = 002 | G77: pass | H77: 17/09/2025 | I77: Vy
A78: CD45 | B78: Xác minh tìm kiếm theo Tuyến đường | C78: DB có nhiều tuyến khác nhau | D78: Input: “Đà Nẵng – Huế” | E78: 1. Nhập “Đà Nẵng – Huế” vào ô tìm kiếm tuyến 2. Click “Tìm kiếm” | F78: Chỉ hiển thị các chuyến có tuyến Đà Nẵng – Huế | G78: pass | H78: 17/09/2025 | I78: Vy
A79: CD46 | B79: Xác minh lọc chuyến theo khoảng ngày hợp lệ | C79: DB có nhiều chuyến với các ngày khác nhau | D79: From: 20/09/2025 To: 25/09/2025 | E79: 1. Chọn khoảng ngày từ 20/09 đến 25/09 2. Click “Lọc” | F79: Hiển thị các chuyến trong khoảng ngày | G79: pass | H79: 17/09/2025 | I79: Vy
A80: CD47 | B80: Xác minh lọc chuyến theo khoảng ngày không hợp lệ | C80: N/A | D80: From: 25/09/2025 To: 20/09/2025 | E80: 1. Chọn khoảng ngày từ 25/09 đến 20/09 2. Click “Lọc” | F80: Hệ thống hiển thị thông báo lỗi “Khoảng ngày không hợp lệ” | G80: pass | H80: 17/09/2025 | I80: Vy
A81: CD48 | B81: Xác minh tổng số ghế không vượt quá sức chứa xe | C81: Xe 45 chỗ | D81: Input: đặt 46 ghế | E81: 1. Vào chi tiết chuyến đi 2. Chọn 46 ghế 3. Click “Xác nhận” | F81: Hiển thị thông báo “Số ghế vượt quá giới hạn” | G81: pass | H81: 17/09/2025 | I81: Vy
A82: CD49 | B82: Xác minh không thể đặt trùng ghế đã có người đặt | C82: Có chuyến đi với ghế A1 đã đặt | D82: Input: chọn lại A1 | E82: 1. Vào chi tiết chuyến đi 2. Chọn ghế A1 3. Click “Đặt vé” | F82: Hiển thị “Ghế đã được đặt” | G82: pass | H82: 17/09/2025 | I82: Vy
A83: CD50 | B83: Xác minh hệ thống cho phép đặt ghế duy nhất | C83: Xe có nhiều ghế, chưa ai đặt | D83: Input: chọn 1 ghế | E83: 1. Vào chi tiết chuyến đi 2. Chọn ghế B2 3. Click “Đặt vé” | F83: Hệ thống chấp nhận đặt ghế B2 | G83: pass | H83: 17/09/2025 | I83: Vy
... A87: CD54 | B87: Xác minh trạng thái vé thay đổi khi hoàn tất thanh toán | C87: Có vé đang ở trạng thái “Chưa thanh toán” | D87: Vé mã 202 | E87: 1. Vào chi tiết vé 2. Thực hiện thanh toán thành công | F87: Trạng thái vé đổi sang “Đã thanh toán” | G87: pass | H87: 17/09/2025 | I87: Vy
A88: POPUP THÊM CHUYẾN ĐI
A89: CD55 | B89: Xác minh khi nhập Mã chuyến trùng với chuyến đã tồn tại hệ thống báo lỗi | C89: Người quản lý nhà xe đã đăng nhập và có chuyến đi với Mã chuyến CH001 trong hệ thống | D89: Mã chuyến = CH001 | E89: 1. Vào menu Quản lý chuyến đi 2. Click “Thêm chuyến đi” 3. Nhập Mã chuyến = CH001 4. Điền các thông tin hợp lệ khác 5. Click “Lưu” | F89: Hiển thị lỗi: “Mã chuyến đã tồn tại” | G89: pass | H89: 17/09/2025 | I89: Vy
A90: CD56 | B90: Xác minh Mã chuyến là bắt buộc nhập | C90: Người quản lý nhà xe đã đăng nhập vào hệ thống | D90: Mã chuyến = (bỏ trống) | E90: 1. Vào menu Quản lý chuyến đi 2. Click “Thêm chuyến đi” 3. Để trống Mã chuyến 4. Điền các thông tin hợp lệ khác 5. Click “Lưu” | F90: Hiển thị lỗi: “Mã chuyến không được bỏ trống” | G90: pass | H90: 17/09/2025 | I90: Vy
A91: CD57 | B91: Xác minh Tên người lái/Phụ xe là bắt buộc nhập | C91: Người quản lý nhà xe đã đăng nhập vào hệ thống | D91: Tên người lái = (bỏ trống) | E91: 1. Vào menu Quản lý chuyến đi 2. Click “Thêm chuyến đi” 3. Để trống Tên người lái/Phụ xe 4. Điền các thông tin hợp lệ khác 5. Click “Lưu” | F91: Hiển thị lỗi: “Tên người lái không được bỏ trống” | G91: pass | H91: 17/09/2025 | I91: Vy
A92: CD58 | B92: Xác minh khi nhập Tên người lái không tồn tại trong DB báo lỗi | C92: Người quản lý nhà xe đã đăng nhập vào hệ thống | D92: Tên người lái = Nguyễn Văn Fake | E92: 1. Vào menu Quản lý chuyến đi 2. Click “Thêm chuyến đi” 3. Nhập Tên người lái = Nguyễn Văn Fake 4. Điền các thông tin hợp lệ khác 5. Click “Lưu” | F92: Hiển thị lỗi: “Không tồn tại tài xế này” | G92: pass | H92: 17/09/2025 | I92: Vy
A93: CD59 | B93: Xác minh ID Xe phải tồn tại trong hệ thống | C93: Người quản lý nhà xe đã đăng nhập vào hệ thống | D93: ID Xe = X999 (không tồn tại) | E93: 1. Vào menu Quản lý chuyến đi 2. Click “Thêm chuyến đi” 3. Nhập ID Xe = X999 4. Điền các thông tin hợp lệ khác 5. Click “Lưu” | F93: Hiển thị lỗi: “Xe không tồn tại trong hệ thống” | G93: pass | H93: 17/09/2025 | I93: Vy
A94: CD60 | B94: Xác minh một xe không được chạy hai chuyến cùng thời điểm | C94: Có chuyến đi trong hệ thống: Xe X001 từ 08:00-09:00 | D94: ID Xe = X001 Thời gian khởi hành = 08:30 Thời lượng = 30 phút | E94: 1. Vào menu Quản lý chuyến đi 2. Click “Thêm chuyến đi” 3. Nhập ID Xe = X001 và Thời gian/Thời lượng trùng với chuyến đã có 4. Điền các thông tin hợp lệ khác 5. Click “Lưu” | F94: Hiển thị lỗi: “Xe đã có chuyến khác trong thời gian này” | G94: pass | H94: 17/09/2025 | I94: Vy
A95: CD61 | B95: Xác minh ID Xe là bắt buộc nhập | C95: Người quản lý nhà xe đã đăng nhập vào hệ thống | D95: ID Xe = (bỏ trống) | E95: 1. Vào menu Quản lý chuyến đi 2. Click “Thêm chuyến đi” 3. Để trống ID Xe 4. Điền các thông tin hợp lệ khác 5. Click “Lưu” | F95: Hiển thị lỗi: “ID Xe không được bỏ trống” | G95: pass | H95: 17/09/2025 | I95: Vy
A96: CD62 | B96: Xác minh Điểm đón và Điểm trả không được trùng nhau | C96: Người quản lý nhà xe đã đăng nhập vào hệ thống | D96: Điểm đón = Bến xe A Điểm trả = Bến xe A | E96: 1. Vào menu Quản lý chuyến đi 2. Click “Thêm chuyến đi” 3. Nhập Điểm đón và Điểm trả giống nhau 4. Điền các thông tin hợp lệ khác 5. Click “Lưu” | F96: Hiển thị lỗi: “Điểm đón và điểm trả không được trùng nhau” | G96: pass | H96: 17/09/2025 | I96: Vy
A97: CD63 | B97: Xác minh Điểm đón là bắt buộc nhập | C97: Người quản lý nhà xe đã đăng nhập vào hệ thống | D97: Điểm đón = (bỏ trống) | E97: 1. Vào menu Quản lý chuyến đi 2. Click “Thêm chuyến đi” 3. Để trống Điểm đón 4. Điền các thông tin hợp lệ khác 5. Click “Lưu” | F97: Hiển thị lỗi: “Điểm đón không được bỏ trống” | G97: pass | H97: 17/09/2025 | I97: Vy
A98: CD64 | B98: Xác minh Điểm trả là bắt buộc nhập | C98: Người quản lý nhà xe đã đăng nhập vào hệ thống | D98: Điểm trả = (bỏ trống) | E98: 1. Vào menu Quản lý chuyến đi 2. Click “Thêm chuyến đi” 3. Để trống Điểm trả 4. Điền các thông tin hợp lệ khác 5. Click “Lưu” | F98: Hiển thị lỗi: “Điểm trả không được bỏ trống” | G98: pass | H98: 17/09/2025 | I98: Vy
A99: CD65 | B99: Xác minh Thời gian khởi hành phải lớn hơn thời gian hiện tại | C99: Người quản lý nhà xe đã đăng nhập vào hệ thống | D99: Thời gian khởi hành = thời điểm đã qua | E99: 1. Vào menu Quản lý chuyến đi 2. Click “Thêm chuyến đi” 3. Nhập Thời gian khởi hành < thời gian hiện tại 4. Điền các thông tin hợp lệ khác 5. Click “Lưu” | F99: Hiển thị lỗi: “Thời gian khởi hành phải lớn hơn thời gian hiện tại” | G99: pass | H99: 17/09/2025 | I99: Vy
A100: CD66 | B100: Xác minh Ngày khởi hành không được bỏ trống | C100: Người quản lý nhà xe đã đăng nhập vào hệ thống | D100: Ngày khởi hành = (bỏ trống) | E100: 1. Vào menu Quản lý chuyến đi 2. Click “Thêm chuyến đi” 3. Bỏ trống Ngày khởi hành 4. Điền các thông tin hợp lệ khác 5. Click “Lưu” | F100: Hiển thị lỗi: “Ngày khởi hành không được bỏ trống” | G100: pass | H100: 17/09/2025 | I100: Vy
... A108: CD74 | B108: Xác minh khi nhập đầy đủ thông tin hợp lệ chuyến đi được thêm thành công | C108: Người quản lý nhà xe đã đăng nhập vào hệ thống | D108: Mã chuyến = CH999 Tên người lái = Nguyễn Văn A ID Xe = X001 Điểm đón = Bến xe A Điểm trả = Bến xe B Ngày khởi hành = Ngày hợp lệ Thời gian = Giờ hợp lệ Thời lượng = 01h30m Giá vé = 100000 Ảnh = file.jpg dung lượng < 5MB | E108: 1. Vào menu Quản lý chuyến đi 2. Click “Thêm chuyến đi” 3. Nhập đầy đủ thông tin hợp lệ 4. Click “Lưu” | F108: Thêm chuyến đi thành công, hiển thị trên danh sách | G108: pass | H108: 17/09/2025 | I108: Vy
A109: POPUP SỬA THÔNG TIN CHUYẾN ĐI
A110: CD75 | B110: Xác minh rằng Mã chuyến không cho phép chỉnh sửa | C110: Người quản lý nhà xe đã đăng nhập, mở popup Sửa chuyến đi cho chuyến CH001 | D110: Mã chuyến = CH001 | E110: 1. Vào menu Quản lý chuyến đi 2. Chọn một chuyến đi bất kỳ 3. Click “Sửa” 4. Quan sát trường Mã chuyến | F110: Trường Mã chuyến hiển thị ở trạng thái chỉ đọc, không chỉnh sửa được | G110: pass | H110: 17/09/2025 | I110: Vy
A111: CD76 | B111: Xác minh cho phép đổi tài xế nhưng không được trùng với chuyến khác cùng khung giờ | C111: Có chuyến khác đang chạy cùng khung giờ với Tài xế TX002 | D111: Tài xế mới = TX002 | E111: 1. Vào menu Quản lý chuyến đi 2. Chọn chuyến đi CH001 3. Click “Sửa” 4. Chọn Tài xế mới = TX002 5. Click “Lưu” | F111: Hiển thị lỗi: “Tài xế đã được phân công cho chuyến khác trong khung giờ này” | G111: pass | H111: 17/09/2025 | I111: Vy
A112: CD77 | B112: Xác minh cho phép đổi xe nhưng xe mới phải khả dụng | C112: Xe X002 đang chạy chuyến khác trong cùng khung giờ | D112: Xe mới = X002 | E112: 1. Vào menu Quản lý chuyến đi 2. Chọn chuyến CH001 3. Click “Sửa” 4. Chọn Xe mới = X002 5. Click “Lưu” | F112: Hiển thị lỗi: “Xe đang được sử dụng cho chuyến khác trong khung giờ này” | G112: pass | H112: 17/09/2025 | I112: Vy
A113: CD78 | B113: Xác minh khi cập nhật ngày và giờ phải hợp lệ (>= hiện tại) | C113: Người quản lý nhà xe đã đăng nhập | D113: Ngày/giờ mới < thời gian hiện tại | E113: 1. Vào menu Quản lý chuyến đi 2. Chọn chuyến CH001 3. Click “Sửa” 4. Nhập Ngày/giờ khởi hành nhỏ hơn hiện tại 5. Click “Lưu” | F113: Hiển thị lỗi: “Ngày giờ khởi hành phải lớn hơn hiện tại” | G113: pass | H113: 17/09/2025 | I113: Vy
A114: CD79 | B114: Xác minh khi đổi trạng thái sang “Hủy” hệ thống kiểm tra có khách đặt vé chưa | C114: Chuyến CH002 đã có khách đặt vé và chưa hoàn tiền | D114: Trạng thái mới = Hủy | E114: 1. Vào menu Quản lý chuyến đi 2. Chọn chuyến CH002 3. Click “Sửa” 4. Chọn Trạng thái = Hủy 5. Click “Lưu” | F114: Hiển thị cảnh báo: “Không thể hủy chuyến khi còn khách chưa hoàn tiền” | G114: pass | H114: 17/09/2025 | I114: Vy
A115: CD80 | B115: Xác minh khi đổi trạng thái sang “Hoàn thành” ngày giờ phải ≤ hiện tại | C115: Chuyến CH003 có ngày giờ trong tương lai | D115: Trạng thái mới = Hoàn thành | E115: 1. Vào menu Quản lý chuyến đi 2. Chọn chuyến CH003 3. Click “Sửa” 4. Chọn Trạng thái = Hoàn thành 5. Click “Lưu” | F115: Hiển thị lỗi: “Ngày giờ hoàn thành phải nhỏ hơn hoặc bằng hiện tại” | G115: pass | H115: 17/09/2025 | I115: Vy
A116: CD81 | B116: Xác minh cho phép cập nhật ảnh mới khi sửa chuyến đi | C116: Người quản lý nhà xe đã đăng nhập vào hệ thống | D116: Ảnh mới = file.jpg dung lượng < 5MB | E116: 1. Vào menu Quản lý chuyến đi 2. Chọn chuyến đi 3. Click “Sửa” 4. Upload ảnh mới hợp lệ 5. Click “Lưu” | F116: Ảnh chuyến đi được cập nhật thành công và hiển thị trong danh sách | G116: pass | H116: 17/09/2025 | I116: Vy
A117: CD82 | B117: Xác minh hệ thống báo lỗi nếu không tải lên ảnh | C117: Người quản lý nhà xe đã đăng nhập vào hệ thống | D117: Ảnh = không chọn | E117: 1. Vào menu Quản lý chuyến đi 2. Chọn chuyến đi 3. Click “Sửa” 4. Bỏ qua bước upload ảnh 5. Click “Lưu” | F117: Hiển thị thông báo: “Ảnh chuyến đi không được bỏ trống” | G117: pass | H117: 17/09/2025 | I117: Vy
A118: POPUP XÓA CHUYẾN ĐI
A119: CD83 | B119: Xác minh hiển thị popup xác nhận khi xóa chuyến đi | C119: Người quản lý nhà xe đã đăng nhập vào hệ thống | D119: Chuyến đi = CH010 | E119: 1. Vào menu Quản lý chuyến đi 2. Chọn chuyến đi CH010 3. Click “Xóa” | F119: Hiển thị popup xác nhận xóa với 2 nút “Xác nhận” và “Hủy” | G119: pass | H119: 17/09/2025 | I119: Vy
A120: CD84 | B120: Xác minh không cho xóa chuyến có khách đặt vé, trạng thái sẽ đổi thành “Đã hủy” | C120: Chuyến đi có khách đã đặt vé | D120: Chuyến đi = CH011 | E120: 1. Vào menu Quản lý chuyến đi 2. Chọn chuyến đi có khách đã đặt vé 3. Click “Xóa” 4. Xác nhận xóa | F120: Trạng thái chuyến đổi thành “Đã hủy”, không bị xóa khỏi danh sách | G120: pass | H120: 17/09/2025 | I120: Vy
A121: CD85 | B121: Xác minh cho phép xóa thành công chuyến đi chưa có khách đặt vé | C121: Chuyến đi chưa có khách đặt vé | D121: Chuyến đi = CH012 | E121: 1. Vào menu Quản lý chuyến đi 2. Chọn chuyến đi chưa có khách 3. Click “Xóa” 4. Xác nhận xóa | F121: Chuyến đi được xóa thành công và không còn trong danh sách | G121: pass | H121: 17/09/2025 | I121: Vy
A122: CD86 | B122: Xác minh khi chọn “Hủy” trong popup xóa thì không thay đổi dữ liệu | C122: Người quản lý nhà xe đã đăng nhập vào hệ thống | D122: Chuyến đi = CH013 | E122: 1. Vào menu Quản lý chuyến đi 2. Chọn chuyến đi CH013 3. Click “Xóa” 4. Click “Hủy” trong popup | F122: Đóng popup, danh sách không thay đổi | G122: pass | H122: 17/09/2025 | I122: Vy
A123: CHI TIẾT CHUYẾN ĐI
A124: CD87 | B124: Xác minh hiển thị đầy đủ thông tin chuyến (tuyến, loại xe, số ghế, giờ đi/đến, điểm đi/đến) | C124: Có chuyến HN - SG đã được cấu hình đầy đủ thông tin | D124: Tuyến: HN - SG Loại xe: Giường nằm Số ghế: 40 Giờ khởi hành: 08:00 Giờ đến: 18:00 | E124: 1. Vào menu Quản lý chuyến đi 2. Click "Xem chi tiết" | F124: Hệ thống hiển thị đầy đủ thông tin chuyến như đã cấu hình | G124: pass | H124: 17/09/2025 | I124: Vy
A125: CD88 | B125: Xác minh khi thay đổi giờ đi hệ thống cập nhật lại ghế và ảnh xe | C125: Có chuyến HN - SG đang ở trạng thái sẵn sàng chỉnh sửa | D125: Giờ khởi hành ban đầu: 08:00 Giờ khởi hành mới: 09:00 | E125: 1. Vào menu Quản lý chuyến đi 2. Chỉnh sửa giờ khởi hành 3. Lưu thay đổi | F125: Hệ thống cập nhật sơ đồ ghế và ảnh xe theo giờ mới | G125: pass | H125: 17/09/2025 | I125: Vy
A126: CD89 | B126: Xác minh hệ thống không cho chỉnh sửa ghế khi chuyến đã khởi hành | C126: Có chuyến HN - SG với giờ khởi hành đã qua | D126: Giờ khởi hành: 08:00 Giờ hiện tại: 08:30 | E126: 1. Vào menu Quản lý chuyến đi 2. Click "Xem chi tiết" 3. Thử chỉnh sửa số ghế | F126: Hệ thống hiển thị trạng thái “Đã khởi hành” và không cho chỉnh sửa | G126: pass | H126: 17/09/2025 | I126: Vy
A127: CD90 | B127: Xác minh hệ thống không cho chỉnh sửa ghế khi giờ đến < giờ hiện tại | C127: Có chuyến HN - SG với giờ đến đã qua | D127: Giờ đến: 10:00 Giờ hiện tại: 11:00 | E127: 1. Vào menu Quản lý chuyến đi 2. Click "Xem chi tiết" 3. Thử chỉnh sửa số ghế | F127: Hệ thống hiển thị trạng thái “Đã hoàn thành” và không cho chỉnh sửa | G127: pass | H127: 17/09/2025 | I127: Vy
A128: CD91 | B128: Xác minh hiển thị đầy đủ thông tin khách hàng (ID, tên, SĐT, mã vé, trạng thái) | C128: Có chuyến HN - SG đã có khách đặt vé | D128: ID KH: KH001 Tên KH: Nguyễn Văn A SĐT: 090xxxxxxx Mã vé: VE123 Trạng thái: Đã thanh toán | E128: 1. Vào menu Quản lý chuyến đi 2. Click "Xem chi tiết" | F128: Danh sách khách hàng hiển thị đầy đủ thông tin | G128: pass | H128: 17/09/2025 | I128: Vy
...
